user_id, username, neuroticism, extraversion, openness, agreeableness, conscientiousnesseswift
1173208464,aleswift,99,61,92,85,81
2865129242,china_heatbeat,84,86,65,77,102
1495101707688321024,noctisnier,90,59,88,84,55
1346260976526622725,anprimoderno,70,68,64,87,64
44418941,helocomh,98,102,95,95,72
736625473229185024,inkriziz,75,60,78,98,98
1493401204504023041,hiru_kyukei_,89,89,103,95,80
1303268956770271232,h9_fsh,76,48,67,71,94
1521588939995463680,felipekessl3r,49,88,87,83,109
266161024,djdobermann2015,89,79,86,71,77
1017676080,rzkch24,86,81,71,80,82
33538597,bymarcelorocha,52,72,84,95,107
102728621,iamvenant,45,93,102,77,101
241794598,fariz_kamal,73,88,82,74,84
1259077549201580033,ridewithjaebeom,69,80,91,99,75
24912713,edutenadg,53,85,71,91,98
3079111126,coramell0,86,59,96,79,68
695592116974522368,pnvr24,82,72,73,73,91
2309421528,creaturenearyou,105,44,93,103,59
952581407477399553,bucinnyaadek,94,42,74,36,74
727518985814724610,erickpanchidj19,88,85,98,84,105
1371198812669288458,hityukk,90,89,106,52,50
607825004,anastasyajubi26,74,78,90,86,75
1026110084,aganangga,79,81,69,81,80
1252262243019808779,kalvin78935645,94,65,69,70,70
19673151,mkt_fernanda,88,73,74,82,89
1268450381396234241,punniiiii_,76,48,76,87,83
1029129660226056192,vyrpenz,88,44,81,87,97
1093323201445150722,kaowstonkao,77,63,95,91,110
1169588662390018050,ppingkii,88,74,108,88,75
877353313460793348,taim_lw,85,55,87,97,66
81364694,gatagitu,58,74,102,85,85
140252416,arangojuan,51,88,90,98,107
1465929030872363010,amiddle_of_june,67,67,84,92,90
1517185944880762881,leeminju04,83,66,108,89,103
2699407710,alililino,78,58,87,88,90
1220644212,d0notloseheart,76,65,86,99,91
1391826104109998086,abath_00,60,77,87,78,102
1509178753708134408,finalbraince11,85,77,98,70,75
1208083625419399171,albaly_mahmoud,89,57,83,97,90
1160664606270005248,3amer_00,57,56,75,97,105
802451530574102528,haideralrekabi9,64,86,84,84,81
207091016,bossmima,84,64,68,100,86
1191501665712713729,mayastetisk,92,45,81,97,61
77801134,inaocarina,106,48,86,95,54
1079213587007266816,seedapplexd,71,55,98,94,71
1245466863229952007,asolasmartin,72,76,65,87,101
991950582154911746,dna_lloh,36,102,80,86,97
1519345388658237441,ynjnwf,84,65,76,93,71
960487129036963840,xy0huujvgokmfcm,81,63,81,64,72
917684276036030465,vincentldle,56,90,107,78,98
1478810428318830597,liroubread,43,74,105,101,80
1498443818223685634,cuyachan,68,67,80,60,87
391370138,yasin11nya,70,70,98,95,65
1370601810272997377,sekarangkenapa,103,77,102,61,59
1486211643520475138,slvschwrz,85,68,109,72,78
1614548899,fadhil_amrulloh,85,67,83,91,70
563857214,yunuem_no_esta,69,84,100,86,83
996199299036909574,planbkween,85,67,98,68,81
911891700066304000,sugarholic_33,98,62,86,89,81
46880927,biggaamalia,57,66,93,97,77
954008979709022208,beidouzinha,91,72,83,92,71
96988704,renard_leo,98,79,105,56,91
1388127022384390154,imstefanon,58,56,80,83,93
1436917519575441412,bx2eub3vn61rvt6,62,56,82,79,52
1517816594902134784,dalbida,79,78,102,82,71
1230210006416420864,istp_mao,56,63,68,66,77
1276876720998473730,hersey_infp,72,61,97,107,70
743425254228271104,i_tp0800,61,62,76,73,68
1526701014467809280,apparition_o_o,57,72,60,60,51
868546771047337985,brahimabad14,62,79,94,78,97
301396235,stevie8sena,96,57,97,86,89
1215351147084439552,deletiontrap,49,69,83,86,74
1076150154254725127,autumn_sunflo,66,66,84,85,85
110982748,devil_kane,46,95,106,87,75
79500795,haridian_,79,66,87,84,49
71298485,rencastro,81,83,83,85,65
1520193575274885120,wrong_dlz,96,49,64,68,70
1455977260306116620,gzashchitniki,58,78,84,74,94
1317072417890729990,azevedo_jps,91,62,75,65,59
193167774,maka_gallardo,70,73,79,76,89
911844348207050757,apsanke,83,79,87,79,72
1514095224557084674,atletbarbaros,41,88,101,89,106
832755978600800257,rafaellc_c,78,71,97,81,77
729664431462875137,poohnyan_tomato,58,70,104,93,79
1001115815582744576,packeralfred,87,59,67,79,73
1476361395126034435,crazy_kirt,67,61,80,83,69
935844733686988800,khaing186,78,65,93,59,81
335064474,melsyte,58,80,87,110,114
53530212,misschrnc,73,93,70,79,87
103821492,annalouise6,52,103,102,104,82
1263107669314940930,mongas_44,70,91,80,81,73
1513285774850117633,3ndl3sslygr0wth,51,81,112,98,87
63996455,ita_mergulho,57,90,97,77,81
1120169477730004992,suikajoa,91,75,84,90,87
1505019216294027265,williankran,87,55,95,85,61
843595231413092354,akiruyan,90,71,104,98,57
382382835,ar_abgh1,61,61,81,93,87
1238527211344363520,witchsomnium,85,57,76,89,88
590344689,tb_1life2live,52,98,93,100,107
715205628,em_innocenti,67,97,89,87,111
700609133980987392,polarbear_xx,106,39,86,73,74
1406853637117079562,dreaming_in321,61,54,94,82,87
1131219979167260677,laurami94316132,75,82,83,93,106
1353857985924182016,shallein,94,71,75,88,61
15645309,emilyforeman,71,52,83,77,91
878369129673236480,iaruxa579,90,84,92,80,71
967826151799390208,soumarx,74,61,91,77,99
1210701496771325953,reszkyy_,79,56,84,102,84
1332853153964773377,j_l_rin,81,69,84,88,104
776945596867481600,bealoveskins,91,84,77,61,66
3730591276,jessicaruby1221,51,66,74,87,85
1129540057365393408,senamarissa,86,63,83,84,77
1490006400520814593,rosess27040584,92,47,91,107,68
1509061137358540805,masrama85033372,55,61,66,79,88
14317527,christinebarger,58,112,92,86,67
1120182585735491584,carlose26333238,74,89,93,91,100
100250466,drkcos,60,95,85,88,114
84429717,milenagreff,52,69,87,87,102
122362366,jmarceu_,85,46,73,82,79
544486979,lreginaguillenc,89,59,80,73,57
1239375143857606656,kathrynandbooks,92,56,90,76,81
186198162,ilnovelli,54,92,97,96,97
419772016,juanitoraw,69,87,101,105,75
852956082,ainhoacarlop,82,74,85,85,82
1310800822289100801,alluvia16,85,49,83,84,84
1192497475476701190,eumaeda10,73,92,92,88,90
1504897369904754694,chelseaxsong,88,77,100,82,61
1396274052772233218,naughty381525,106,67,79,43,59
1020305866581368833,sio_sean,88,72,93,84,86
818966477453803523,brunourrutia11,65,94,103,71,85
830082404291379201,mafe130798,58,90,87,91,97
100805391,cemeca73,90,77,82,57,87
1300058822669742080,stenstenstenst,71,74,99,74,78
448831750,airinrizki17,65,62,77,80,98
107491042,inatalov3,91,49,82,95,103
723938530729312257,athabehy,61,83,95,103,87
1334121897659936770,sezyum3,70,52,72,66,94
1426650672812933120,mimariajulia_,55,85,106,84,93
1301240524125462530,karina97642694,84,57,72,99,65
2889000425,esteban_9124,95,70,78,93,97
705470232,guimt98,53,95,108,83,74
1070873061203660801,mangathaadaa,66,89,85,89,77
19886937,gabrielizalo,76,61,85,93,88
1422268012317581312,nobodyoimport,116,44,102,87,68
1015715486770741248,methiasmihing,72,80,73,102,100
48284059,tikatickey,63,94,102,59,86
1722243740,mxspringnights,106,76,101,84,77
878383736,soffinu3,61,96,94,88,111
1473815703564308494,hearts4lau,101,65,89,97,58
201079041,floch_1993,78,72,86,78,102
2252435234,mariana_phy,64,86,106,103,108
93076434,alemolin,99,95,110,81,68
1185532138365415424,likepetrichor,108,69,90,78,55
1316323163593035776,shifumo_usasa,43,66,82,99,98
57253385,alnirapo,51,88,76,90,97
107015042,verymaojail,59,102,88,86,71
720857589492240384,miruza_inao,69,54,104,92,82
2930556145,jgdiff010,62,53,95,81,64
1032011891424423936,lifeng22127233,40,77,76,82,107
301574111,jobykob,67,70,91,97,84
600393714,ricardocorreyes,68,84,92,79,82
847821524132384768,zocatelli_,53,68,79,95,106
1456760941815627783,fruitintootin,66,52,107,107,69
1428519886649663490,namedcotton17,118,71,92,104,57
54769191,mehranhydary,92,70,90,85,93
877848950409015297,pompurin207,73,60,67,82,84
1441107680588800022,_denario,73,72,97,83,76
234037933,denizmily,75,72,72,79,91
1400372822120321024,hypervolt1,91,71,75,28,111
749226538911010817,jaredpinto2002,41,59,85,84,97
1400372822120321024,hypervolt1,91,71,75,28,111
1138267941806493696,julialeelychee_,88,69,86,79,99
1378727864170803206,reimikkoy,83,62,85,71,61
2275158386,_pibli,85,48,82,103,73
144031892,xarthemisx,86,43,78,81,73
144031892,xarthemisx,86,43,78,81,73
703852317360001025,callme1heda,69,83,91,58,80
1249426831171653632,tifosimuhittin,56,95,74,57,61
3320639090,23tauri_,69,76,88,64,99
1465015310059200515,schlemihlpoe,89,69,97,90,83
1402855673013182466,luvnothottties,85,62,75,56,51
1210280882948464641,bravocharlie97,76,53,68,71,89
2255291394,mbassezgin,54,80,78,81,84
899554732104196096,matkapciarap,92,68,99,84,83
1335766873439227904,biteuuuuu,78,67,80,78,75
2944480771,rafiwaetford,65,86,70,93,106
1409556457603821569,hlglsfoa,83,56,92,103,89
1138726255472386048,eccolospacelab,93,53,91,105,83
939228028885909504,squirtleinhk,75,74,87,77,94
630744047,dinediin,68,97,93,90,90
1164289482646007809,rfcrispino,88,82,92,80,92
1252269780,10xalejax10,75,65,90,93,83
1375451490375106566,majuludica,73,69,91,96,103
2692928263,amadodb28,62,59,94,97,78
1204261010972061698,rafajcs1,64,65,81,94,83
414143106,xii_x_mcmxcv,74,100,111,111,59
24727895,javo_ulaciaban,49,83,88,100,101
496365320,etel_lo,69,66,95,101,97
760330321216671744,manhtran35,80,52,47,93,90
149158425,samiosha,81,75,98,74,77
1209633699538571264,andreamilly20,84,55,92,80,72
1310790484286222336,amorochopower,57,81,75,87,87
78632583,eunilsondiasjr,75,98,78,72,76
1457842130102149124,karullafer,103,40,87,68,53
1015715486770741248,methiasmihing,73,77,75,99,91
1291176812815380482,akiharubaby,61,45,100,88,87
1411975288951435268,ipegakihiko,75,90,92,98,77
1275773617960374273,harukiirl,77,69,103,107,83
1003681177356521472,ichangemyworld,73,56,107,105,101
1300475198362193921,nous366,63,74,91,81,78
846709329118068737,hablamecarolina,73,81,96,71,91
19269804,emanuelvila,70,60,76,80,60
117295977,rafaeltarcisio,47,97,84,84,110
1037143098659426304,sehunceo,56,75,80,75,56
2995218868,yanleitealves,69,85,115,90,89
281793364,jguilhermelm,38,104,102,86,102
791735690610475008,thebeigesheep,88,66,92,87,78
1319269933981761537,elvaduncanllp,50,75,103,95,73
1500125287,mishi_lin,66,91,83,105,85
1477442089,alexgilm0007,36,93,88,93,116
1494111309356576770,muttification,101,85,99,94,75
2526342711,maredargento_,65,86,75,86,80
249690822,newyorkmydreamm,63,72,90,92,88
59787901,avellinodan,49,82,88,71,84
1337029404149641221,pambisitooax_xd,57,73,81,73,80
227675182,fusedhydrogen,57,78,89,87,81
1377994780974538755,itisiegg,82,83,93,102,96
1396024986289070081,sushiten_stdon,61,94,95,98,88
774653639386279936,kakalestari77,90,65,77,84,85
1383913248035016707,dream_waiting11,90,77,94,92,56
2730856124,ningnanli,84,75,91,74,66
3134985773,xiumingoo,74,74,92,98,80
1943775342,calviniapaat,88,79,85,77,80
88649760,jay_shah101,54,90,85,99,99
89729011,priciliaadriany,88,58,70,89,78
1144443972686884864,wellmaxxbr,53,83,82,100,101
1096988760422604800,akirayukimiya,54,71,96,75,62
1488178552814317568,uieoo37,68,84,97,85,69
23052529,dougdiskin,59,95,99,85,86
1247374281891348492,zimmermandefo,74,64,72,84,67
628374864,svmmerthrills,104,76,89,75,54
1156447249141919744,cheesewithcat,92,66,97,87,77
1294816421730344963,quotenih,87,73,84,85,75
1614231073,julioegs,51,96,113,101,103
19591409,h4z3l,79,51,97,90,79
1426650672812933120,mimariajulia_,54,83,102,86,102
1486864204376285187,tristan_angele,58,74,83,93,115
105712157,ivansanjuan,78,81,87,88,87
3011156389,devansanando,63,80,105,74,86
355805920,yahoscag,90,69,80,93,113
307841414,_thiaguinhoas,85,85,84,87,72
112608698,chispawatts,61,100,82,92,82
1252822973146251275,seodealmi,84,101,82,93,79
859668199763267584,aparnagurudiwan,53,95,99,70,112
374324623,wndiifu,63,85,81,88,95
387963785,marinasstories,46,90,97,91,107
615220309,yousifnur,79,93,77,67,67
1372344006,danademoron,61,86,105,106,99
1340873967192707072,chimborazohans,84,60,83,66,67
2238153445,alipioluis713,68,82,71,61,74
3119930410,elvaval,93,38,89,81,68
1478832620318375943,bealytq,91,53,81,84,67
199722883,duermevelavisio,78,55,86,92,92
949840062,jmclozano97,51,67,88,98,93
202169324,leaneverre,74,79,100,108,81
1392639812000272385,4ngel_diary,55,86,99,87,83
1216611026948513793,jorgeribasof,53,83,75,96,104
961730275783970816,momtalksstock,65,87,108,94,91
725056331426713602,tdeex,72,65,93,94,98
1486823118,silvinanda29,87,80,86,89,92
1261108090029645824,belusantillan_,69,84,82,101,84
4539107115,flpxiz_,60,64,82,78,79
1415697895928573953,armando94215340,76,96,92,83,62
20623657,daninanua,63,85,102,83,85
115809026,natght,50,93,94,96,99
775321464899796993,harman_361,48,80,74,36,95
1127038865498353664,number01bby,78,73,98,94,79
17260533,___gerekkk,52,73,79,98,94
211324451,leilaartigas,54,84,88,94,99
908886870997815296,tazondeearlgrey,64,85,95,97,86
227473010,lucaspanico0,85,47,94,87,59
2915655713,elaineoli04,84,61,102,84,89
1174181556392464384,fssyuri,72,55,72,90,71
1233301077614874624,andreholiveirag,74,85,90,77,70
1204919702167801856,kharismayuli1,76,69,91,85,70
1404300512774836225,icasjohana,64,64,82,90,99
483355681,d4n41d43,85,54,90,85,91
3644191697,disa_pir,80,80,89,91,85
1438272823710130176,aidaintrovert,94,50,103,100,106
2724466386,rosii20s,71,95,104,94,82
203388533,paracorajosos,43,102,106,81,105
213295110,gabe_100,46,97,82,85,97
1106920241878183936,uri_elglz,90,69,81,82,76
110740991,_spinnin_,81,64,74,74,84
100568914,nomrojas,95,63,84,83,85
706704029,muminaw,71,76,90,102,86
3286284432,consigue1pluma1,69,47,95,90,101
273188887,molto_cantabile,79,68,94,102,79
88720734,saschiell,67,59,76,58,92
280166523,profferrous,54,79,104,94,103
1088203323646398464,miguel_hdz59,90,78,90,69,88
56582624,cherry_lipstick,74,80,82,92,82
193872057,wamsgitrs,64,81,85,79,100
14189643,razelibrary,69,65,99,77,100
96907515,liasheagarcia,105,60,87,55,61
159172027,almisarce,65,98,81,88,105
1438722549395779587,historiasempere,81,81,84,77,70
260383912,rotwiedieliebe_,89,87,68,79,73
1269042777289101315,daveoum,77,64,79,79,74
400888105,carohdez11,92,75,96,79,92
490834261,evengk,69,89,78,87,98
79375186,lapaomontenegro,99,68,99,99,83
54258926,lexnan,69,81,92,88,85
1387424179209842688,marcosnchz3,73,69,91,71,71
795029944594071552,rayoalcantar,106,55,81,74,86
480105689,baez_dieguisimo,74,59,83,77,85
2811737781,irana_26,86,86,100,87,83
66144169,mylifeaskarlac,60,78,87,94,100
48403538,barbrabrgs,69,80,89,105,106
1417065276,champagnesalo,67,100,78,91,82
1193524652313845760,kkwete5,70,77,99,94,76
60912474,robertop2022,61,78,82,84,86
550370491,baltasarclaes,55,70,83,94,94
1447013965448495106,selvingil,45,112,101,52,107
995798123283927040,ginecologadiana,58,93,75,90,104
1319333185,colochojfrank,74,56,90,65,68
143620407,aaronsp1970,72,86,81,77,86
1331127522155696128,israelpokemon1,69,73,79,83,70
2566541605,8dwug,92,53,83,95,69
2820345190,mielymenta_,80,83,93,79,84
584527119,karenhiguerau,60,99,87,82,91
1215836238374211584,pabblina,76,78,84,91,100
909869305684217856,shimura_yan,105,40,87,59,56
1365382867258327043,mlvseungmin,92,42,73,84,68
157827692,thairuadrianza,70,77,82,88,94
588877819,tonali_biol,82,75,89,93,85
2926455889,eshi_lo,70,79,78,77,87
1199800949679767553,dan_el4,61,76,89,86,79
1181727944370204673,kikit0_,68,94,85,71,76
290330774,bichitamare,85,88,82,93,59
66929109,latortillamexa,91,76,81,79,74
268875018,leomckallister,63,85,96,93,74
51776283,marynaveda,45,93,90,104,113
191540820,lilithpsycho,91,70,86,83,76
294363062,fannygmsd,81,80,83,96,79
1150071379087286272,robson_prof2,54,70,71,90,89
118467375,fabiperezo,49,89,91,93,107
909536354798833670,cpt_cub,87,59,88,65,93
331906493,hulemanco,74,77,87,62,103
251169737,hallyjim,64,60,89,87,112
1370467798611333124,claudiamsg23,91,85,69,73,97
1318745724,srcabronn,75,98,96,101,100
162131721,mahatma_matta,52,88,103,109,107
1139999847023595525,msnobody220,91,92,83,65,86
1236166514555961344,auroradaz12,88,102,94,81,90
232703360,felsoling,64,83,69,87,112
1460021726193016834,carolp886644,77,68,90,61,68
23616558,jotaerrezeta,63,87,95,91,88
543115486,jfsamantha,91,103,87,89,89
1063287517,jessuseduarte,69,68,88,83,97
1326644864549851136,tolerateswiftie,108,52,95,73,81
922571046892523521,unewokmas,66,87,91,110,86
224016117,marichetona,78,59,71,89,78
1146512532573548544,espinosamunro,45,80,89,85,104
173897416,flakissptealto,76,70,66,77,79
173324844,lorenjohannav,55,95,96,100,106
126144758,robertoctamez,54,98,80,92,110
283245299,victorialujan94,65,67,68,89,91
571185419,victordivita,56,94,89,95,96
1729898726,blancamnct,79,68,76,84,70
583033132,zevaidan,81,67,91,102,80
2420726311,javierpulidoc,30,96,91,112,111
240260347,jrodriguezpra,35,82,94,58,107
3377004196,natiehc,79,74,98,90,99
126479311,virinred,81,57,72,76,82
1452708503005671431,eduardo88141201,63,92,95,87,107
1600418100,feliperossi127,59,64,99,77,94
295501447,sedah_12,76,65,83,77,81
2981867723,joan__21,89,56,82,74,83
81974892,ah_bueeno,95,75,92,92,69
1344660972,71anitamaria1,70,96,82,92,116
3233120521,marianaguia9,68,110,107,100,85
204941155,carlischus,79,90,106,71,79
48737111,salinasalmad,74,90,98,87,99
973969247469580288,jesusfrausto14,46,88,89,92,87
1321161055586951168,cgabrielmusica,66,92,92,89,82
1437546597622161416,lau_menduca,82,76,90,89,96
1357189135564484611,diegolittlefat_,83,53,91,86,57
95584057,danielaprada,71,78,82,88,92
43817857,cherrypopdan,72,79,83,84,94
2409852112,tamsthay,71,85,91,95,110
150667591,leonelanavarro,87,76,85,92,82
78488100,charitobalta,73,90,95,98,92
823335655,leolopezdelvall,57,76,94,82,88
153445295,divadsador,56,83,98,87,107
162098052,sofiaa_san,71,74,93,107,85
1463301065323925506,ruizfava,54,84,76,97,107
208892636,darklotus89,84,71,86,89,84
2207877985,mrarctor,90,63,82,74,76
180635769,vvillxtoro,85,77,98,86,100
3012727237,mtde07,58,82,84,95,106
183881881,laura_garval,69,79,92,85,93
1149354338,sosjorgec,92,74,74,88,69
248945003,unrenacuajo,68,84,82,78,75
136493533,malcomramona15,57,84,66,62,95
133011973,jayjayti,62,99,107,78,96
200717041,hermiella,80,91,90,95,80
3357769090,sergio70yes,72,73,101,83,88
3357769090,sergio70yes,72,73,101,83,88
248456524,janijeni22,85,75,95,81,76
476206526,sebs_hdz,84,61,83,76,85
1164547063,hans23kaemmerer,77,90,85,82,85
503364610,1quantum0,65,73,90,74,91
52158430,mysteryfire,55,93,90,101,85
357870026,brutallydamaged,59,81,87,103,85
759058476962283520,tm4uo,83,41,79,104,75
1175423053494226944,krisanmy,72,67,69,101,87
1137631083703312384,mnrm_fluffyseal,56,70,93,95,103
1323141640387764224,khawla_ayyad,62,63,51,87,88
243700493,mahy54,75,52,70,112,78
316967163,illuhaste,73,56,66,91,83
3195094825,nicolas7894486,94,53,102,86,64
1321960739461058564,jsftruth,60,64,78,95,86
1247958810,airbenderzack,63,71,109,78,70
4727183834,dus_keuan,56,64,87,87,92
79713725,flavioda_rocha,54,64,74,95,82
1140910422507130880,magdalamystikos,67,75,105,105,80
223346651,walls_santos,73,98,95,81,87
1237140354660524035,grr_moritz,66,73,92,79,71
1283415605140389889,markul1o,65,83,75,69,79
1314823528319840268,whorangee,98,56,85,83,62
1462820490699894784,none_neon_51,80,67,105,71,103
748021598431682560,good7ucky,65,76,85,87,70
817745208976834562,ragheb_74,86,69,76,86,92
15264947,ebi_maki_sushi,76,62,97,82,56
294881659,jmartingb,65,76,80,90,80
1405495215679578121,chasinbrains,91,50,88,90,79
3018068549,9612cecilia,48,87,80,91,103
1065448113635278848,zak_1992j,97,61,99,97,64
830549070968135683,ceoofbigsad,85,62,104,110,99
347939140,guioanao,80,54,88,85,83
281510340,mr_ncubec,42,100,96,84,87
443987776,crankypollyanna,69,62,86,97,100
153966123,cynthialive,42,100,96,84,87
888014804,catfancyceo,105,59,103,87,68
340924145,piza6,83,48,88,96,81
4787817836,andri183623,59,69,61,83,110
2713061366,ghoostinng,84,61,95,84,84
2212455044,zemaom_,63,73,88,74,75
230061356,handy299,69,75,83,62,88
56887040,caoamosou,66,95,86,81,102
87117152,fagraia,72,72,91,43,85
993491774558502918,putriarifn17,74,62,79,59,72
858357796508749825,adrimontanoart,87,69,109,103,72
2521951123,malipulang,65,87,85,92,84
3254648772,wedhuus_,47,84,73,94,110
77942181,yellowclavv,52,92,74,89,104
4768040114,tooopengmuu,66,84,87,90,81
1880085546,diodazenerr,56,94,86,84,78
1431110734360973312,karamahx,58,81,79,83,91
333385813,alfalaq_my,48,76,85,75,76
71748948,fzakbars,70,84,64,82,77
534191558,transarcher,82,58,87,75,84
1282961757758263297,mikasupremacy,83,60,84,94,85
755718565513224193,mchaidir9,80,65,63,91,62
914238661516038146,mardegarrido,62,109,103,96,73
962578779422965762,queena_0321,45,78,109,69,98
1033517307035828225,umjapaporai,70,85,89,79,76
605125727,didipo24,90,79,93,85,88
3244332751,ran_sgm_,79,39,69,89,68
432649723,aaadlsjaj,28,102,102,105,120
187349783,yudhiiiiiii,55,77,82,88,103
1179936546247598080,mat_giov,41,49,90,92,98
1179936546247598080,mat_giov,41,49,90,92,98
33142652,hernan_n,98,86,104,99,49
21190257,gundisalv,66,76,80,92,84
935864007449247744,sunflowerlouie_,75,55,88,103,92
320595051,drawafa,71,58,66,97,88
341978386,sedthawutcult,101,63,92,83,71
1333681508754702337,mr_edge62,66,69,87,76,92
250750477,dryblusee,86,53,85,81,80
2651331902,amysmashurbrain,41,72,92,77,78
1377165330158546944,istp_sage,41,72,92,77,78
949955256443654144,_ondrasecek_,47,85,101,104,67
19844009,davidrowanarmor,45,77,93,84,99
4624968621,claraio_,112,56,86,54,89
1215450902,akio_aria,84,64,87,89,72
142074569,_fcx52m7h49,92,33,92,103,85
142074569,_fcx52m7h49,92,33,92,103,85
483080742,karen21g,74,76,96,100,90
1293278961997209600,meufsquimetuent,63,68,103,96,98
173944831,pierreschneider,95,64,89,57,99
184700850,iijojoo,89,78,89,89,66
1118852717865160709,dimzuhuy,68,68,73,86,91
184313640,ayuapss,87,81,84,77,69
459181337,darasmawarni,84,63,79,81,88
1374331039,theinfitate,36,79,99,93,103
1430930920756834310,sunanpirlo,87,67,89,72,59
990520253892325378,kartikatikoo,98,63,92,83,70
1148942759958667264,laobanshui,85,75,90,90,87
1005954023759888385,zyneoo,73,71,89,96,68
951339079379005440,sunshoubina,96,44,98,76,71
1242762480268374017,purwaananta,70,78,90,66,82
189384653,pinguinaja,48,66,95,96,86
50512411,filando,85,53,75,57,91
3066680334,official_izaz,54,80,85,60,83
629230886,piera_chan,79,59,102,65,76
153242278,kireiharunohana,56,91,74,79,95
4294206733,kandycesanchez,48,101,116,109,104
1338009535722659843,era2_weekend,84,48,97,73,58
4695778280,futurepsyco,67,58,101,64,47
461885113,chanusiast,75,58,62,84,99
1418174730817900546,floofykkat,73,64,80,93,92
1416520255829073921,czarekwiesiek,84,62,89,85,76
1188206630036561925,latenightzim,53,112,101,95,85
2768107569,joakimapelqvist,49,77,74,97,96
338461855,eliasrmendozar,88,38,79,98,72
1229264266374467584,_always131,82,73,84,92,75
120032151,mbakmoy,61,92,86,90,99
1019946895,chj02765,89,60,93,80,73
3182001660,thesaltysapphic,88,74,94,92,93
832021673939316737,fred_musical,82,72,88,76,76
822831467638194177,tausendstetini,65,78,104,98,71
1333667203179110401,sitcyo,64,68,69,82,76
1132968623541112833,p_jungyoo,97,49,74,78,65
1266443089,jbeat971,62,100,93,76,98
1381403513993879558,kshsoul1107,37,101,91,46,88
1093323201445150722,kaowstonkao,85,69,92,97,101
991950582154911746,dna_lloh,36,102,80,86,97
1040337306912272384,lilakonto,69,68,91,97,91
1417232224844455943,verdecopas5,91,66,99,81,80
157644453,guineajk,79,81,96,90,83
1249216721430478850,miulaya,86,74,92,85,54
980558868307574784,d3u_d3u,90,68,91,78,66
193338341,no______hope,69,72,87,79,84
1265932176459100162,ms_injuryee,57,80,80,61,92
3112359044,army_mini_,81,64,80,77,94
1396466937069064203,lethenoriver,64,57,84,60,69
2394265500,itoh2007yuta,81,67,78,92,76
759107775762800641,bluelemonade_2,96,67,102,65,77
1295255999129911298,ikea_new_puppy,72,96,85,66,80
2879531059,mummaaam,84,71,76,85,80
1416803776132878344,2_oclocknow,82,89,67,69,94
264825441,diarine37,77,81,104,80,82
1393601605849653248,toooosieslide,76,91,90,58,53
1422587106757545984,sesa__me,99,61,87,78,63
1364589569258102835,rookie8123,79,52,88,75,61
1022796663818137603,ok1_runm,76,71,87,85,86
110370006,yean_jean,59,68,78,90,85
1283115251626414080,whdtjddll,75,76,60,61,89
1147531162148982785,honnabolae,68,81,101,69,59
1147531162148982785,honnabolae,68,81,101,69,59
1271189861219721216,t678101,91,68,91,88,68
283849065,gojejegojeje,80,78,95,78,97
2759390012,hachappipi,88,56,82,80,59
1341448591294906368,thenarrowway___,109,86,109,93,48
395195009,ake__dawn,63,73,85,77,78
1395227162207080448,longforthat,81,65,81,77,80
2613634332,gksmwkr,69,72,90,81,76
1083414007099215872,613_naru,78,56,84,89,61
763025387756544003,8bit_8bit_,74,67,96,87,78
1168718765648859136,l22pen,97,65,88,89,81
722836235547332608,jeje_duk,61,86,87,64,74
1243879686389686273,ff14_wernher,99,54,82,72,63
1000607433314615296,golo516,68,64,50,96,87
1015616387438424064,cuviq9,58,77,88,72,94
706000901790572544,spy0_05,83,68,85,80,68
1068679874548686849,ferre_tt,73,65,95,94,102
2646269306,precielous,95,37,109,108,64
753535335137587202,green_chaelin,80,77,80,76,59
1358863283764174848,tlspal,91,59,100,88,66
544076136,sikbbang_mika,86,102,106,94,76
1422181259833266176,beatriccian,78,55,77,90,70
1140251360,hadrianus753,80,60,92,93,76
807151797949190144,__marinkarin__,91,50,93,80,43
1233612713797898241,023pc,58,76,85,77,97
4689613111,twentyinfante,85,85,85,65,67
1293739594681262080,chagg_i,59,60,90,72,60
959115872794128384,maemi_gov,81,44,91,79,53
1275748590577582080,hyotcha,88,57,75,71,59
2520538453,antediluvian__,104,60,88,78,55
1258991998725320705,pocariyes,57,62,99,92,91
1287352632177115136,ji_ji_45,93,46,93,60,57
264595859,brain_baam_boku,49,95,78,87,96
490162902,milkway0825,79,65,83,86,67
975364906294759424,hana_for_there,84,90,82,96,83
2522894473,soundgreenjuice,86,62,83,81,65
1216928269510926338,intp_hyohoharan,80,62,87,65,70
1090929107628478464,mimi1_098,68,71,79,79,84
1112167456657698816,koggummeong,86,63,76,72,72
1174898852278652928,with_dallae,95,54,83,92,77
2594225520,solidity_fo,74,63,89,83,57
975188586063540226,luvu_yena_,80,74,90,87,86
1298590513159790598,_idiaaaa,97,64,76,84,73
867518230893428736,sal_in_mi_su,66,64,85,80,89
1226117937632661505,sister_n_snow,100,54,76,77,70
1097789456180862976,paulpaulinlove,59,101,99,86,96
1312421119576530950,eobox1,66,44,61,101,100
827474102206156800,liiilllilillili,72,64,79,81,74
1280410206023770117,sue09422079,75,67,87,90,100
1432435308,kurobeane,69,63,87,95,52
729308691711676416,dicamax_d_tab,69,79,89,87,81
949641046371180545,summer_infj,77,45,86,75,82
780787324334379009,jinsim_rdr2,65,88,94,81,62
1393601605849653248,toooosieslide,78,91,92,58,51
1374510718838398980,lif3isaj0ke,54,61,80,72,84
1325043276072693760,istp_stargo,49,48,78,67,63
1309473224594345984,qzzzzzzzzzz_,89,67,95,82,79
1353922038377771008,innewhanover,76,87,65,71,90
1374331039,theinfitate,46,72,90,96,97
1057011133,purenmul,72,65,72,78,89
1162752244938235904,joke_0828,62,67,72,73,72
1229366424537157635,angryestj,74,70,67,65,86
3026059231,atempo_9o,81,72,81,79,69
1399050443603406848,gumuihwanhyang,73,96,107,88,82
2664198158,yamsekki,71,67,84,72,86
1263386770311221250,ovu_oohrock,84,49,92,43,59
2277138235,pepperkake_mann,91,60,104,94,53
1041272125816954881,gami1611,85,51,62,68,87
528210505,syesea_opm,63,93,86,81,76
1376505682665463813,lovesome_lawer,81,65,92,71,71
1256999203827445760,then_itsover,79,50,63,61,71
1298531555426541568,mimmiing_istp,57,57,64,73,78
2699365398,piglet_pongpong,59,63,63,69,79
1328695008,sunya_xd,84,74,100,95,63
1268442143942533120,b_mirror_,84,56,94,82,73
819533361899110401,aeiou936,98,58,92,86,67
1325309220846067714,ukgae89_js,43,85,92,87,76
1381520089837531138,mari_len_eg,63,67,76,68,86
783557306332041216,btheluckyone,87,67,96,87,49
1358743382030311427,lovememore0310,70,71,99,61,81
1353217607604834304,gtinjacked9ri,62,105,97,94,80
1134171054224662528,_stabilitree_,86,66,85,83,77
1404488500267798530,shrinked_hyo,57,52,54,70,61
737411486914482176,aingaing888,58,77,93,79,75
1298668531383320576,inftj_a_catty,62,61,89,78,81
1029743579516690438,sleepy_jipsuni,92,56,80,88,61
707582442207449093,aiolaatedudept,100,81,82,95,75
1267331269349699584,work_whathehell,43,97,79,46,99
1405016231996911627,born_i_s_t_p_,81,67,68,77,61
1256893319432433669,infj_t_octopus,74,75,107,101,78
2391844638,nuvol25,80,52,82,88,87
1257578763530821633,istj_yesjam,75,49,68,74,88
1223922685094322176,chowonimnida,63,105,78,80,91
824198281802776577,cha_ud0ng,92,84,89,72,73
1377963189049036803,montblanc_17,43,84,70,81,104
1144314141588389889,ljhhhh68,69,40,62,73,64
1144314141588389889,ljhhhh68,69,40,62,73,64
1023503967446163457,sheisiz,62,81,94,74,81
1399379259244769281,ravelpicon2,65,55,76,74,69
1374372019672784906,want_berry_rich,63,75,69,64,109
1298158890006114304,istpddongssa,80,51,72,60,51
1375793785347612678,sunmer_rose,64,73,85,100,65
1094193174812061696,carter5026,80,105,92,83,82
1334481238921396225,staringisfj_,88,61,56,87,73
1261302806717165569,mondea_mallla,74,58,79,64,64
1309821739518451713,zzzigae,63,79,91,87,81
1272867104023121921,oongsamii,82,74,98,82,70
1378936344211169295,infj_escaped,82,53,83,76,85
1629539605,xiq0521,76,81,88,81,74
769802118140006400,dodoing444,49,94,82,76,90
1190550461218078721,japduckjapduck6,81,74,78,77,65
1385118704795488257,im_not_animal,78,92,85,70,59
744847185578057728,candle3321,72,59,68,77,79
852160727083343873,duck_in_us,64,71,81,82,85
2261083274,moohwa13,87,74,85,97,91
220847879,id_mj,93,46,79,81,84
1183779842329698304,m74qplq92ifycdv,66,63,72,64,62
1443026124,ramskrrt,85,70,64,96,76
1329424544029761537,yororongkukuru,88,66,95,75,71
81787574,kevincby_,97,69,96,80,72
1320963506305339392,l22_w0n,98,53,97,89,86
955430664060334081,c_yunjyunj,60,64,75,83,89
1248779108164579328,ryemin_73,93,63,83,89,65
1218395045776121857,linwo_o,86,44,98,43,90
792013267770093569,5so5sio,75,62,67,88,49
4623453144,nyungnyang,93,47,95,92,53
768129555949248512,2ncense_h6man,67,58,81,63,69
1394491322308841472,trpg906,84,71,89,84,77
1166640154540482560,hyun__daily,100,75,84,78,59
1222304277265297408,happy_garibi,105,63,87,78,68
1261662250462412800,pp_pcent,64,94,92,68,49
1899602838,hongsijams2,96,51,83,94,53
1020711125602615296,atobe_kiki,77,62,81,66,85
1409887382380462089,hyex1211,101,64,75,66,82
1145955903637602304,windowlicker41,50,65,93,67,98
3161325451,jea_entj,35,99,90,62,100
4234310538,parkhr5305,70,69,80,85,76
997830688429686786,vanish_moon0921,49,70,93,79,99
256980569,kie_1002_,61,66,92,87,75
1365555015310475264,queti62,94,56,64,57,53
1241481376446070784,daylight1275,55,61,88,70,78
1241481376446070784,daylight1275,55,61,88,70,78
1384701880601702404,yonso_pptnz,67,90,95,60,68
588209726,pona29,76,69,82,75,68
1333940700312858624,lee981003,100,53,87,87,44
1407879324783443969,hello_pptnz,58,47,80,77,83
1067440365819506694,3l6lbfcigarjwpo,100,61,87,91,66
950605882840133632,aurora_daede17,75,85,90,81,77
776756336201576449,hetbamtol,92,50,64,84,62
1415004562977480707,zhfhsktlqkf,60,98,78,62,85
2176423068,bluelight_r,90,79,85,79,75
890071576355500032,ddubb_ra,58,91,97,68,90
986732460,lomi_18,55,86,83,38,79
1410476259092570117,kanozy0,49,76,90,71,82
1222457885369589760,fogchamp_vlrt,91,56,81,80,64
1390325637982785540,intp_but,84,79,98,46,57
1260494403308838915,taleacoustic,56,70,96,81,93
1078936444163391488,weedywitty,71,85,75,75,89
878610045671358464,burandangduk,81,67,92,82,71
750221437269446656,rapit_bling,98,68,94,70,62
963713587096137729,leemakgu,72,88,83,85,80
1013342549073784834,suzynotfound,88,75,93,84,66
845664687660318725,dbsgk9455,61,79,85,71,80
280467411,whwnddlf1978,65,68,95,85,95
1202952737404510213,givemmme1,100,59,77,81,68
1041348102823636992,anzu_mamang,75,93,102,96,68
1173382697093193731,htlfw,90,73,76,84,57
1377147138094686212,ssoong_nung_0o0,100,50,81,80,42
1064171651745501186,w1nter_snow,82,81,101,90,64
1070302586,ranostephania,70,77,81,93,104
1064167236338733056,adellveilchen,100,52,82,79,61
235868843,artemisdalnim,75,70,92,89,65
2946247428,f_fetch_,79,66,91,88,76
4636618813,wldnakswka12,90,65,98,92,58
169794435,realhueri,89,52,69,90,90
44789539,tabheekim,77,82,95,95,71
1366917069942386695,mini_corn_,93,73,62,85,76
830777006497288192,gudok_duck,83,85,92,82,62
790137936658313216,vg_z0,98,45,86,78,64
984751272866664449,h2omas2,54,79,94,92,94
1156431262094987265,ourcoollove,57,66,78,77,76
1271387408227946497,noejeolgirl,104,51,94,59,76
1312310819716177920,from510toxxx,89,67,93,93,87
969570945156313090,dangdo_,70,71,90,79,78
1393601605849653248,toooosieslide,78,91,92,58,51
1216040532964597762,meerket_2oe0,87,61,88,87,68
1323116052981538816,hehejodga,93,74,69,78,49
739843066371014656,zln_lo,58,88,91,52,96
1360885387258781701,som_lvb,69,85,92,78,91
1346324663975100416,bliss925,58,70,87,71,94
2598184956,ditro22,84,92,95,78,72
1227783576382365696,floristtobe,79,83,91,81,98
1395959348703109120,ziiguuu,84,71,73,72,82
2572510560,zz518441,67,78,92,82,73
253006712,needadeepsleep,72,63,71,79,80
212779299,kooooonp,80,74,94,86,100
1303266646660796421,whirrxx,91,55,75,63,70
1175571974803734528,sick_a_413,91,46,85,78,57
52345557,elmo8059,79,53,76,77,67
215960860,claire_g_kim,75,82,82,44,84
2349593042,aeyomi,69,58,78,86,64
196048258,6chrc,73,56,80,67,68
1151311856486637573,kmgchicain,90,55,93,67,86
1005412783062577152,bb_likes_all,88,60,94,72,59
2578872625,sem_0210,45,102,97,55,69
2598184956,ditro22,84,92,95,78,72
1158986869251534849,r1m0m0,108,45,67,83,65
61455986,sunnie_ines,61,77,94,86,79
182362460,blackhyunmoo,84,63,76,75,73
1354526251466190850,oooo_o3o,84,64,94,82,85
1324584745024409601,mg_sdsd,91,79,89,66,70
1147269960609099776,acornsaurus,71,81,97,54,76
601749969,flyna2dmoon,72,82,93,81,91
1330576505794043904,dailypowder12g,93,40,81,73,59
733620281487429632,lavoi_0213,56,79,85,84,84
1253697239186239488,rmsanxoaks0128,70,54,82,93,75
1259657639308300288,lau12191,61,52,81,91,92
131833779,zenovius,77,60,83,73,73
1165197587785252865,samutquite,79,77,96,94,66
112773583,mintibox,70,63,74,82,90
1289782018260135937,jenith31,70,82,89,95,80
1371049866168733697,dcebw9,61,63,78,65,73
1908556868,carnivaljody,38,52,102,65,106
1175439710199541761,haniel_0213_,89,85,91,91,63
260578776,wonn_circle,56,92,83,85,85
1344722979599622145,h_kim0310,84,49,76,69,79
108881502,rmsutjr,90,71,76,57,72
728767220285771777,blackrice777,79,72,93,75,64
1364565149617508354,point_u0u,78,60,71,67,66
1404690735933247490,lanang_s34,79,74,85,78,76
886143246451130369,gawain_johnson,91,90,91,82,66
50976894,antifragile_ahn,51,62,89,76,87
759295309335760896,takitty_sub,79,75,90,90,85
1550475098,spockkie2230,66,54,84,75,78
4272606016,gguni_lu_a,78,62,94,84,83
122066698,iamwjryu,84,77,80,75,83
1085484847349477376,future_troye,94,80,98,77,61
1143215302101966848,bobofufuyoyo,83,73,84,85,54
1420678360359788546,kawa0906_,97,49,88,51,55
383722731,doya_526,74,80,81,66,84
703449428158361600,suk_ja_,98,52,77,77,61
1049487582654910465,stillallnight,90,76,101,99,57
1371092375896956931,im_chott,80,72,88,82,55
890756428364828672,sodciemthteosnx,88,56,87,79,63
558728107,garufyu,59,85,96,82,79
2606700223,mcpolygon,91,53,72,56,84
1237644297173794817,i_reallywanty0u,69,79,88,57,79
838916023,jaemisaki,53,65,74,78,84
986438078846791680,goldcrest99,60,68,98,81,78
984600672,jaeiii_blue,79,72,85,95,81
922766097719234560,harilthevegan,49,72,87,87,80
421896121,iloveme_ee,81,77,78,83,60
1110077813623656450,sandy2702ii,58,94,71,76,95
242179532,ashlyyyyyyyyy,63,93,88,76,82
1342182043803795456,apricot_ca,80,102,109,105,73
1259476727807438848,sbrm102,93,63,84,84,76
1136664270622478337,not_ggu,50,67,82,59,88
1358015587637620738,qwert0987s,72,73,79,65,86
2732218595,saskianne,69,83,89,77,82
1113299127717093376,m_chansick,49,90,88,56,65
369271958,ete_pale,59,56,79,66,78
1416244117097512961,lovefulmoon,42,88,95,63,92
815796770160545792,bs_whyrano,85,94,94,61,66
1345059234388406272,wo0yl7,70,61,76,68,62
1154497709123887104,coolk1disme,84,63,81,82,68
1178289307422871552,084exx,86,61,77,89,69
1104325266837450753,jamonthebloc,79,65,102,88,91
1359852297073827843,piroi_vrc,89,76,73,90,65
1079616704198565889,daegangsj,80,54,62,80,94
932630953616326656,whooareyouuu_,61,69,103,85,65
1383755509556158464,damjang_,68,89,103,89,76
1353257589635567617,_none_4_cos,91,67,75,82,54
1094875915425730560,_stardust_831,102,71,99,102,57
1131488065669570561,waveonthesea1,89,83,92,83,63
314361978,shi_ye_,35,92,100,89,113
1378675655324266502,insaengegodalpa,77,80,89,77,70
1270625241958514688,noogoo_9999,79,60,73,82,67
1245019621830213632,indexveri,71,60,99,83,81
1395007072983347208,lema__jabduk,61,79,89,84,70
1328087850,msgrokenberger,54,74,91,90,76
2905190258,dora2dona,65,72,61,77,81
103528781,ilikewatchingme,53,70,90,83,80
776393288697810944,glg00001,75,72,86,65,62
1250995109006422016,0kayimfine,59,80,93,83,73
1242514406526738432,laverne1117,67,62,87,91,91
622032126,dlawndus04,72,98,98,86,81
1016243063381942272,galchi2002,71,73,96,75,74
1185700824220987392,threelinesdaily,86,47,85,69,71
1395195181834465286,akgyubu_lens,81,64,95,67,72
1220925631,hq_youngsan,83,54,90,89,85
123796263,zingimm,78,72,94,75,86
167854780,geeneeii,84,46,84,82,70
1396117529362276353,alpaca12_23,82,78,79,82,62
917764916399898624,stay_tuned_kpop,88,72,86,86,66
1213417511699374080,thousandbluesky,59,49,89,53,77
1319318556,freakin_q,87,65,86,87,64
1421355649045131277,sbn_leon,56,111,74,77,83
2744997529,nin_dhks103,89,72,70,84,73
1138144334803492864,brightelody,73,92,83,103,74
1027226700256436226,lesenic,84,74,93,82,70
3306827250,burry_ur_xx,78,66,89,92,73
1237398850538582019,merry_no_t,93,66,101,89,72
799911163010039808,araarrmm,69,66,63,86,54
386871204,lastia_1209,81,85,93,91,89
2282718582,jeonghyeon0204,67,54,87,84,59
1030327585,lee_ryoon,87,58,75,94,79
954595427898220546,d_differential,91,51,86,97,90
1324156888875823104,od_dan0,86,48,94,85,82
1264158157342773248,r_i_ss0,79,62,65,86,69
1083999011932069888,poor_lesliefan,75,67,87,74,53
170172859,lucina221,66,92,98,95,89
53414250,_h__a___r____u,62,60,72,67,91
1229440271567376384,gggg___zgg,63,71,89,65,86
713915716592795652,hye_tqy,63,66,81,89,101
241588304,ggumgl,72,56,88,79,81
107626016,goaherad,110,74,84,68,42
713915716592795652,hye_tqy,63,66,81,89,101
1300078680916414466,submarinevalley,90,53,87,72,61
815804683654610944,morizzing2,81,52,85,97,88
950308789869096960,157430ww,75,71,78,74,78
1264411705615896576,___ecyc___e,91,72,93,95,56
294642479,alscjqgkfn,78,70,62,76,83
1187768974722777088,muha_bi,93,81,70,93,66
203363675,bhangnoa,47,73,99,81,113
161671850,mambogirlkiku,80,61,92,71,82
915821295752822784,leekang4865,69,55,88,83,57
95514059,summwhere,66,82,92,75,82
165763990,jindoleeeee,66,49,83,84,96
1170123230188687361,plan817,68,69,87,75,79
162396545,eternit_a_,73,64,67,64,75
1151635097562411010,mymesses,91,85,89,76,57
3068415306,vlvl03305,111,61,75,87,51
950986698166435840,larachan_s2,80,67,91,77,72
1145713974874234882,disasasami,74,101,96,90,86
1232321374808526848,blackkbberry,45,101,87,82,100
1098941392141733888,rldnande,93,66,79,83,90
1104041159792488449,myaukim,77,53,97,72,82
1179382301702025216,_mingo_la,95,79,93,81,69
1268507310256578560,dupuzzang,92,89,88,85,52
2836609482,ueu_e,74,77,89,86,80
378470493,theveryplace,70,51,65,77,94
3035804179,gormtldug,109,56,80,81,57
1311311080996519936,kwoni2mo,68,82,83,73,85
1374019292774035459,2l_iter,81,69,89,68,101
1302503859080757248,_sidus__,84,56,90,95,75
455884562,queenanna71,57,101,77,78,78
1325436430504484871,o6vxi6,99,54,75,89,49
751576473320820738,subway2heaven,78,53,60,81,57
1425854878987931650,keepgoingjd,72,60,89,74,91
3726223032,soupppluv,80,64,86,71,78
1680904285,high_v_ball,67,91,98,88,95
1115713312581345281,tomatott_,70,56,86,93,70
841075221008384001,hyein001,65,60,82,97,68
1958275262,wsantoso_,53,93,96,88,90
767222578708525056,yeahmin_nam,100,79,95,72,85
963593718069567488,enfdltkrnla,88,58,85,80,53
1213148501787303936,dangerouspalbok,75,54,80,66,64
1406922295482851334,ago_hyuna,107,43,77,69,45
725786679663947776,olelwl,67,46,100,63,83
1040200018496385024,lu3vmx,87,57,88,60,70
1262206075559915521,aliensheyjin,94,67,100,96,63
911260678345736193,ssj058,57,81,82,78,75
1062145069883416576,proguestmem,46,69,86,68,93
1261852905365049344,108mii4,87,82,87,86,80
856089588472832000,yoniyani_,54,81,88,82,85
947410351531814912,blackwatchdiary,87,70,89,77,74
1364233542356529155,junk_pg,94,68,80,88,61
483804032,jayeon_xiu,39,80,88,84,77
1386552337536217091,zzangtionman,65,58,74,78,76
839171697890635777,ppumyo,93,60,74,75,55
1389911791489089537,de9dog,68,59,83,86,79
989611192942460928,noididea,76,78,87,85,73
1370258157667151873,haram_uu,60,81,96,96,84
911907925924261888,fka2weeks,74,79,89,91,90
1367743453354889216,crack_inthewall,69,70,87,85,76
467268898,sa_no3991,83,62,87,89,58
119620878,dadidahaswings,58,85,84,81,90
116424309,oinkmiao,68,83,91,98,84
704799471163445248,cyb3rslpm,63,85,98,82,70
4124706800,hi_0127__,88,63,89,105,56
346460119,azure_chung,54,74,86,84,87
1090570364285906944,jenilandmopi,55,52,95,71,79
1005750849723723777,sorem_aon,70,58,99,71,68
798052220675624962,momo_kanon_moka,81,69,91,92,62
371154849,9_00sa,64,72,83,77,79
1234868936300089344,doloidoloc,76,93,80,81,57
948550291032440832,chrrr_0v0,78,54,81,65,66
1037289223659765760,fgojotmang,52,86,88,82,83
1412457561463267328,parma_comm,85,69,71,78,71
1307246391685603328,ruei_can,82,63,97,89,80
891670006588506118,noelmoob_,88,66,98,73,77
1093938975289430016,nomarklover,63,72,94,82,72
1132441130627297280,mdisg,64,90,81,88,70
1192839800790884353,bibyesex,73,71,87,87,83
3292156585,_intact_you,90,57,72,80,65
1165662683275784193,but_a_page,68,46,92,77,78
755301277,mavi1diz,84,69,93,72,82
1211978320318828544,goodok_kokoro,110,66,109,81,45
159016070,error_kiyo,55,46,63,96,75
1300813000916443138,jurineeebbyak,88,51,66,83,77
1415527614618292226,tany62541405,79,75,58,87,92
1147524183833735168,inle_in_error,66,87,92,64,67
3744708740,siromicha,114,50,91,87,55
1018659790774460417,_seru00,102,64,83,90,69
1211632432291569664,hi_my_sin,60,64,82,75,98
1211632432291569664,hi_my_sin,60,64,82,75,98
2664834427,krabbit_nope,82,51,71,82,83
1332507509471408128,__marrrii,51,83,82,74,94
1013369943725707264,iina_you,106,70,98,71,60
1346761723051536384,bbo_bbo_jjuwap,61,97,86,67,71
1243906392706039813,dreamxilver,89,72,88,83,77
2734689770,deathapocal666,81,42,79,52,61
859619313627660290,bb_boamboam,86,49,94,81,66
104438326,alieninjune,86,72,88,85,77
187070914,gravekper,85,61,87,76,71
119619200,redcat18,67,58,82,64,84
140487900,andrea0323_,72,80,88,74,81
1419686186138832900,wxg63l,99,36,84,89,56
3240758148,hummiiiiii,92,46,70,69,58
1197676212,galactic_cije,75,89,82,86,84
1260554255863148549,supanda_3913,76,62,93,80,70
620087610,thenitsok,76,80,89,81,86
2360831138,mico_3rd,87,64,100,82,62
193640405,lyocamyvalkyria,99,69,106,82,60
988109702,yahiminnn,71,71,68,95,70
1226138876797952000,daanos_iii,48,53,84,97,66
2479579674,milindjagtap_,72,83,82,70,93
77693621,soniaghinaa,46,106,93,92,81
3247834765,tonklanaja25,86,58,85,84,55
1196513202164654080,jordandayan2,66,79,99,97,77
983254436876136448,lillieflutter,79,76,84,71,56
93871026,pinngiez,80,66,81,76,87
1272014568,dogmaticimpulse,80,68,94,64,58
1420351344708263936,evelilit,60,85,108,72,97
93357433,fern_0007,81,75,76,82,77
1339600709629579266,newkevin182,71,84,84,88,76
1232251013802840065,isthatyoubabyy,81,63,94,79,71
93357433,fern_0007,79,76,76,81,73
1281795948708941824,icedalternative,85,68,86,84,65
822412138828337152,oycsm_,67,86,89,93,95
2928195955,nnoiinaa,83,88,70,61,75
1048794470936805376,lol_iamyou,93,75,99,73,102
1160158290354950144,joukmouk_story,92,63,92,62,68
991950582154911746,dna_lloh,62,90,86,67,79
238411595,_lepusrk,89,97,98,89,89
628189326,alanchallzzz,45,69,86,103,96
249467796,satoshimeen,70,66,95,82,100
785863823806697472,chaesenpai,74,64,80,87,83
224082937,gibgoi,68,73,96,89,111
1137759364482293761,unnamed__95,83,58,78,82,73
1193898324341846016,sydoclock,53,92,84,72,80
1345356858890993665,jjhx_,73,56,69,49,89
832751490,kartikkumar3535,76,78,88,86,72
265279596,stains__,67,63,91,74,71
1102695811077627909,nono1345_,62,90,98,88,79
881191165743300609,david_lamona,95,75,85,63,75
1148522590148820992,r0astedrose,88,79,84,81,72
1382265897616744449,krisnab91907857,78,57,86,73,84
827837003584528384,aimar_erza,60,81,99,86,85
3012514775,lauwalk,79,68,89,102,99
1252147876911697922,tolsbyikea,90,65,93,99,85
1391175626363600897,f_rstly,41,87,65,94,57
1410427238533763073,matheus53162306,90,59,96,79,39
1410936320214528002,diyamora,61,94,95,98,88
1333238554336456705,darscio,28,94,98,58,100
1175092759591575554,noholdsbarred18,67,77,97,89,78
1175092759591575554,noholdsbarred18,67,77,97,89,78
1393037891333500929,ichigomysterium,110,48,83,109,74
1258180658381197312,erinajkl,79,80,85,82,70
2516933167,milkytruffle,94,45,82,75,79
4115516294,sassysupermom,63,108,101,90,66
2265317299,manusiagalau16_,69,69,83,97,75
834957452441354240,tombeecreator,89,64,79,61,49
1272085939842473985,butterflypeaa2,55,92,84,78,80
979380928601579520,kizyjones,93,41,76,75,73
42857203,ingmarkus,86,68,80,84,80
168056110,alkaskies,60,85,83,87,94
818436704105177089,yezi75,79,63,81,79,88
531020916,reoreo125,64,47,103,103,86
1301934560830279683,daviii_rgc,93,71,83,80,58
3941590235,iamantelia,74,87,81,90,89
65262873,perlita_negra,93,55,100,85,68
242412546,marwaqarmny,65,85,93,89,96
1008400205740421121,levivel4420,76,89,105,88,74
1309945758649651201,elymitra_,32,107,105,104,78
3012893503,shinywynaut,57,73,102,106,68
1362806371448668163,mbtireflexoes,94,50,80,66,56
1240451585966309377,nadeulhee,80,47,76,97,92
155200200,rudyludinata,75,104,87,90,98
1206954728568938496,lunarianreverie,87,47,105,107,66
135128698,gstnvr,72,83,89,91,93
2938124808,uchiharendank,64,75,79,77,68
1231862024650383360,yejijul,75,76,86,85,86
1020266583988432898,sas_frio,94,49,83,95,60
1373576931984171012,ah_alhousani,66,71,82,84,90
1373576931984171012,ah_alhousani,66,71,82,84,90
840965036218671104,effectlwt,104,64,88,82,71
1042616289255030785,taejoon127,81,52,64,81,78
214692089,mejoo997,62,83,70,97,92
1386136184913596416,omreem72337879,62,82,84,90,86
592319692,khaledalfequy,48,68,81,90,109
993911249560780800,pk3910,81,70,100,84,77
742439643921154048,djnrmn10,79,57,92,79,87
704129567972204545,noi_room2o5,91,86,99,67,62
93349949,khalilgasser,67,104,98,88,85
1362806371448668163,mbtireflexoes,95,51,83,74,57
993911249560780800,pk3910,81,70,100,84,77
452636136,pedromarriaga1,61,94,95,98,88
1018588181229457409,askotesi77,80,82,86,77,58
1273633391888314369,letitflowers,48,98,83,95,62
886060361434005504,tinytyuniie,79,61,95,86,67
1352116679388483586,tyunvable,47,103,88,62,83
1081690083315466240,catboyth,47,103,88,62,83
243446713,gonewiththeword,70,64,84,100,60
1138672641395613697,h8851,67,84,95,92,94
752407039,azexoo,78,109,90,86,109
1154164853285773314,wj5sislfpcwfl6i,47,84,90,99,105
1318006826009563139,pane_tony_,96,56,84,80,58
19341062,polooraspad,81,55,84,90,91
299064766,camaradeaerg,71,77,105,100,89
1235109066969473024,raradevi21,48,93,90,99,75
1685871734,stainedboue,84,93,100,88,63
1685871734,stainedboue,84,93,100,88,63
1034123582,doc_tore,101,76,75,51,49
62824068,nossafira,92,69,69,79,53
1312224269535854592,walterjkun,57,100,100,101,70
1318987810334965760,pandaelf07,74,71,99,96,101
1130464428783210497,gegeenthusiast,83,85,104,100,71
2538964156,rinoq77,64,86,76,85,78
2759626610,strohem11,59,54,80,95,86
1271920430,nielnikka,65,72,67,74,56
1849118276,fuwadaiji,93,80,66,71,77
105134121,rinnyu,74,67,90,46,79
917636351209508864,verylazy13_,76,58,103,81,59
1095448880987160577,xenthique,68,75,95,85,95
983294616,diamondarcana,62,62,93,105,102
2357479542,mosokrab,41,85,90,99,96
1702961348,grgonzola,56,88,108,93,82
118100060,heyhildie,54,63,74,93,89
735027005406617600,kabundir,60,90,84,84,83
1311591853649809409,gmbhradix,46,73,96,96,88
1967416326,mufolk,86,98,108,80,62
1129008347179560961,amani91__,70,70,101,88,107
16667320,halleeysp,72,49,107,106,74
4417304195,cliziariva,58,97,89,85,84
1117374761615679488,aionia_,82,100,100,87,97
1202606228620185600,colorghost7,55,84,87,91,99
125190282,marialuizamf,69,68,77,87,73
117200421,tativc13,58,89,84,92,81
906108895919210496,roaaib0,95,66,86,80,72
867449454294515712,lankanlad,71,55,80,90,93
224135152,thungaa,73,66,69,92,85
2204823708,zestobigmango,80,72,98,89,73
1186175832483483648,teacherbuknoy,80,72,98,89,73
55012515,filipedscorrea,64,71,91,75,81
417682710,aal_housani,66,75,82,84,99
357764316,thisisnotjulio,79,55,76,89,84
1125948558979547136,miiq7_,78,48,75,92,79
1221376844856848386,dirty_kukie,98,79,75,82,69
1090629354311213057,meashikins,65,83,83,82,65
846250817023721473,risenshine752,68,76,92,83,67
762826010865741824,yt_missasyan,88,65,85,52,58
778865552680890368,nnamikaa,89,62,77,47,89
715923805,itsjaehann,100,49,98,89,62
1379784548,pproudk,65,67,78,81,105
1282349653590069255,_brokensweet_,107,65,85,80,62
1275173844974743553,beepathan,99,41,92,103,59
1345879047130251265,hammam11_11,93,65,54,102,69
477832211,avicenne_y,61,75,81,99,84
103278114,slionsheart,68,84,108,92,107
891171593392705537,xtechnowolfx,62,86,65,72,47
1015495180940599296,ubermenschchan,104,51,79,88,60
762826010865741824,yt_missasyan,88,65,85,52,58
2936581196,mtv_2022,72,68,90,75,82
1281299998592897024,thesadwriter1,103,40,101,114,47
1226568885450788869,raffaellzito,74,77,89,67,63
296446985,denisemhartman,74,91,82,94,86
963838881270398976,skydragonchau1,78,52,79,87,70
1324275143636471808,moloween,84,98,95,110,76
1023880195,endlesstear5,61,78,109,95,109
1226472998259044353,fayhhaa,75,66,99,69,73
2375912145,canibeyourworld,99,43,87,96,64
1283822630034964480,ubervare,68,100,90,99,98
1564915519,wandaswitches,111,69,83,85,85
140818565,winatagojali,78,60,87,73,71
708638153,alialmuhammad1,77,67,67,88,82
2795038573,deleted52248878,57,70,80,72,92
2795038573,deleted52248878,57,70,80,72,92
580805336,breakpt,52,48,76,76,101
36190390,tefztae,80,91,102,108,70
82122707,virych,54,95,90,96,106
280926405,yuli_nurdiyanto,46,74,83,96,104
1321272603957469190,locoyaciz,74,62,101,93,98
1151256865478729733,moabg77,55,83,92,80,89
519311910,fofh_a,61,65,74,89,100
131716222,jessicaedenpod,82,89,108,89,67
592518631,helal150,106,65,78,89,72
2721283648,moringaflowers,84,57,71,91,78
147205233,serine_serine,84,83,101,78,84
3182001660,thesaltysapphic,78,76,92,94,98
987788827749244930,ahmed0198910,66,70,86,69,67
2925417884,don_vitoooo,77,74,103,94,98
342569556,saljofan,57,80,72,96,114
890033497871724544,betaum01,63,106,108,88,87
1259614524807749635,vini_corno,55,100,100,94,63
1273633391888314369,letitflowers,46,103,85,92,65
571161612,mod_abdou,67,86,94,108,115
470547680,mo0omo75,63,63,70,97,83
60877878,namagueitu,100,65,84,98,57
879191926171353088,lontecoded,96,74,102,94,59
4034569940,baecorgi,84,50,81,60,110
1092454799092604928,idw2gaf,78,63,95,85,100
1026490694284627968,hyeahjinahn,104,83,90,86,65
1020702774739140609,kuromys,113,47,81,68,62
919501653685952512,theyunoh,65,61,97,75,67
30951148,jeroencu,101,49,90,110,61
72656211,antonvoloshin,82,95,109,97,88
734087112161525761,siggib007,49,87,81,110,111
1034347664907923456,iiwo65,86,66,89,87,89
885580848090710017,aboudymufc,76,76,87,79,108
798254978,fuhaed_,97,50,93,80,65
93654723,ilhampatahudin,65,90,83,81,82
341303314,asri_hikmah,83,94,95,99,79
851313734,rushrahim,62,72,97,87,102
492869559,lam0o0osh,98,52,76,81,100
1238608665713745921,rebel_2live,80,66,93,83,90
1219201400011247617,chantuprasad,70,63,105,72,78
1219201400011247617,chantuprasad,70,63,105,72,78
996209850223906816,ownpacemed,90,44,98,84,83
2907831444,hope3_1,63,57,93,100,102
1292791286907494400,hawstyy,110,50,64,77,62
988762326189789185,xanderatch,57,55,94,72,66
1225134207090868224,lilmagunoria,61,87,86,100,98
1915151377,redaelashram,53,66,77,106,97
1285568960201584640,dslatitude,81,63,91,88,73
4337919741,icindrak,56,88,89,74,73
774459774,blackgmagic08,48,101,98,92,109
1116420739333283841,distressed03,107,68,92,89,72
155293994,judeksheep666,86,76,106,89,76
1148980850786279429,blackholeorg,83,54,82,92,71
1035000054795231232,katanyadewi,33,105,100,100,115
999889002395193344,wenjunsyue,87,54,85,100,87
348705090,hueyerr,59,78,90,84,64
1094459711192104960,suuuubinnie,83,33,65,77,65
1295037077558501376,owsinon,67,70,92,86,86
3315655417,onnikg,79,63,68,86,66
1015495180940599296,ubermenschchan,93,49,98,97,71
774162615840804866,xsl6x,59,67,71,79,82
401755756,bayu_wdfc,58,86,92,79,112
1216034493993189376,polyhistor13,66,71,95,63,49
1190301978401873920,moonmunaliza,89,69,74,102,89
2194003666,joshuagarrettme,40,76,86,88,99
34497014,salspua,67,67,94,96,85
857326545148547073,m0o0k7,40,90,100,99,91
280445761,i_meji,64,62,100,94,95
1223665184109158401,fayhanalqh,70,53,81,80,85
3253660492,mrdtwi1,58,78,91,93,85
958520984226627584,thomas35471298,58,94,78,70,88
879952413041545216,i1990is,82,85,92,79,61
487363032,kevinprasetyo,58,95,82,74,84
1152018275804405760,kondok1999,58,69,98,96,70
2548519818,hana727271,77,84,84,88,74
36111811,bernardia,62,66,95,74,70
935535051357478918,skyblue7000,85,81,76,80,79
1141546328335499265,matriannarch,65,86,85,72,91
3122343036,bonesnakin,81,68,88,108,69
3330565635,dekkoperasjon,76,61,72,83,66
950740842586738688,hassan_s_mahdi,60,80,82,101,97
218990671,jcokta,74,57,86,67,87
730017586411282432,wzxjb,80,64,66,83,76
1222511222094028800,terrified77,101,56,80,109,82
294615605,aaronharoldp,62,75,112,101,85
2474343986,panjinur08,32,80,96,94,108
363911457,emad_alzahrani,54,86,93,99,111
2334984617,q8razeen,78,70,81,90,99
470873586,fhayas111,63,78,68,95,74
1496790500,shadow_girl28,103,41,94,57,98
207147812,dezzvghn,79,92,97,88,88
203560007,omarusensei,75,66,91,103,91
330206278,lifecyc8,66,80,90,85,94
1166894234,alameraamal,81,70,79,84,93
1058644652,ma_mu26,69,73,91,89,86
1259752601161134081,porridgebro,49,111,95,91,68
1153610532362043393,funeral80,109,55,92,95,88
221381546,omdara,71,71,81,89,104
125255166,swsmr,61,94,83,107,93
4019709569,03river,57,96,102,97,82
3318739422,sn6130,76,59,93,84,96
51692074,sahabyaal,80,75,96,83,80
168643721,littyliy,69,91,107,84,73
1543100269,fumeihana,58,66,103,108,110
1232483502576324608,superhumandaily,108,51,88,86,62
911449586,brown_man1985,56,85,79,91,99
1205651258704457729,preciouselepha1,66,78,87,82,73
735184733215154181,naimatkhalid,47,97,92,81,108
3104795683,sabahhani3782,57,88,82,91,109
49297177,sheila_sheen,68,82,83,94,88
69812584,meysprischa,59,71,85,80,93
69812584,meysprischa,59,71,85,80,93
908770199712747520,anthoxny0,49,58,94,86,89
610006372,rehab10001,81,56,87,84,85483610731,selmananna,68,75,82,95,66
2608799851,reem_salem_91,47,89,90,76,104
1094262289153384454,lanvot,76,76,88,92,96
1177100552,ftoo_18,74,68,101,103,96
225510737,uthman8899,57,75,72,96,92
244444759,misshiruma,82,60,78,97,101
417162859,jipaomg,80,74,98,106,96
1246878025091866625,rsn87825597,88,83,71,59,68
791674863031234561,oma_ymah,57,71,90,101,101
259393566,sothisisjulie,74,91,96,98,83
412994868,mshalalq,56,89,98,91,94
882139428,xd___0,59,97,104,76,92
267473077,r_man11,80,59,70,93,101
2413101886,no__rah_,66,65,83,72,81
2149340969,mhmz07,75,60,57,91,79
815642506075537410,b7social,62,65,80,90,91
430647964,winter_lady1983,99,70,92,87,93
2714838650,onlybsomy,81,79,96,76,81
1144176588331896832,lllvalkyrie,89,57,105,82,62
592140983,thefirstwoman33,62,76,94,94,93
914857950,fatumajpg,55,77,85,88,101
434034722,basooomi22,53,78,99,90,90
1138741562211491841,ilyk211,95,71,89,86,111
2923146920,drzero19,113,35,80,67,86
381669076,ikutasora_k91,66,92,91,97,95
731395147250999297,rmsalsaad,65,97,90,100,102
2510325642,mirdas0,48,86,79,82,89
1222626222984847362,lonelystrong_re,105,60,77,68,80
540027623,am_fajer31,47,86,90,100,118
363467718,ahmad_alhayyani,95,72,93,101,90
1033634602152325120,kaw216,71,75,81,98,87
555275111,1995_t2,65,72,109,84,86
1219850518538919944,asmahhaan,56,75,92,53,92
341217157,choi_rosha94,65,81,99,81,85
914675010,unknown_oct,60,103,100,82,98
3233999552,space_populatio,51,98,94,88,85
106201463,j0ojo029,49,82,99,88,89
243700493,mahy54,88,51,84,115,77
2888781361,rannolodi,83,78,98,87,84
2336747130,moh879124,69,57,85,93,94
1646501246,mope_sandro,71,64,71,85,73
555859589,g_tar_,54,82,91,86,116
145768312,leiladip,53,91,95,98,105
2541643165,tomwhartung,58,55,99,94,100
1120183281691922432,sunflaweu,61,94,95,98,88
2888857317,hemingway1994,71,69,82,70,77
1221944476450451456,l87866018,64,93,101,83,74
1072506953434157056,flavioip__,104,86,97,82,73
968667887178211328,akucintadanielk,81,62,81,60,84
125918605,nionaalfaen,50,83,70,81,83
1121403414817034240,ashleighnevans,92,64,98,110,106
901843526299918336,museta_thulani,75,72,85,76,79
991666868212584448,alicebabbby,82,52,83,84,75
109289503,nabilanzani,61,78,82,70,88
1065202991030915072,johny_myi,71,77,83,80,86
3421842039,niclonsdale,42,65,103,56,94
196536318,jeromelewisjr,29,67,46,83,116
86979357,norzilian,98,54,88,94,87
1060027489286868992,ikonmiluvs,91,93,85,98,83
91829217,notrealtavares,81,53,86,74,62
874209932450639872,_guiottoni,74,73,95,63,86
56745851,vinicius_oliv14,82,52,97,80,64
135596499,juggzbunni,86,61,67,83,89
1185449924219023360,haoss__,89,72,82,84,67
2878165730,orvillejan,84,87,99,102,80
90347808,alittlerebel254,57,90,104,86,75
1376843131,pixiedussttttt,54,86,75,82,88
1001113568358551553,urwonderwallsss,82,73,88,91,74
3324273683,caverna_pc,98,71,91,69,59
158129613,cru_ziito,71,36,68,99,34
2447431748,eljuan0las,78,67,70,96,71
1027979372534349825,gopinxd,79,55,85,88,70
1311431594,enekocarrasco,97,59,97,87,59
1193964674225704960,baldedeagua1,73,58,89,72,63
1193964674225704960,baldedeagua1,63,77,92,72,88
1227874766,tiago_0mg,67,65,106,96,66
253637216,alfredplpl,97,79,102,90,68
362372792,sawuland,65,65,78,92,90
303628114,dennyone6,79,93,78,72,85
222164980,thetraceyrenay,43,93,92,92,104
266350433,lunoxism,79,87,81,65,63
53667397,fl4ky,80,59,100,101,66
1174462481747476480,quiacras,67,79,100,83,52
799975699704528896,arlechinnox,69,68,80,88,84
2910295739,hectorserrano07,38,92,95,83,107
1549855646,rizalmnor,66,82,87,78,69
708751082,0622every,79,68,91,93,82
1543100269,fumeihana,92,62,106,101,93
1163817846389919746,pemanizbuatan,91,59,89,82,72
804594883,whyyha,75,67,76,88,86
28470495,pdcaton,44,99,81,70,108
152991626,vklodius,63,67,95,96,104
61923476,thammarith,72,76,98,73,64
55570049,gudeneko48,86,39,73,84,67
3670290255,thumpy_,49,98,70,82,71
1130980129188995072,sincerelyhunhan,65,69,90,97,89
895282178937901056,bling2xmaknae,109,64,79,81,83
82256062,susandevy,67,65,82,76,102
34028061,jamiedewitz,66,89,68,99,84
745675797843709952,bradenisbased,65,67,83,83,70
706514928505585665,little_nep,97,63,79,115,63
169914316,aliaksandr_k,38,85,96,85,88
401781718,plerngrf,65,102,78,68,67
3120475290,loveandlight99,80,65,92,92,109
16966133,smkymnt,76,71,80,87,94
57864679,fretamales,42,71,79,61,104
2409773995,busanheunde,61,50,87,78,78
2828026872,ashringhammer,44,66,110,88,116
1139018414565933056,liramelodi,105,51,75,78,70
484528368,i_am_clb,55,80,82,95,105
1066876643350695937,darklyger64,95,80,88,94,70
1150808473057353733,gatiplatano,82,70,110,49,60
51381286,greatman05,69,94,107,55,91
18068483,egorkotkin,81,51,87,76,64
2425696327,manisnyanona,68,72,88,87,84
158390198,_azranazurah,67,92,84,95,90
1432038320,crookedyoung_jt,57,91,101,101,100
529089841,numtakazalong,100,63,93,105,60
297815029,jonrocker1971,57,58,73,87,96
712642289387094016,ardihel9,61,65,83,69,77
616421871,sunnasveins,61,88,78,80,64
227428861,colarebeautiful,46,94,92,98,83
65254606,kantsrithundorn,49,67,95,81,77
1280652847,candyquxxn,77,62,81,88,64
754971064682237952,aholllic,83,84,92,102,82
766142396866424832,discodiscodisc0,99,43,95,82,57
434409203,beccamagnus,78,75,119,80,65
