user_id, username, neuroticism, extraversion, openness, agreeableness, conscientiousness
1173208464,aleswift,99,61,92,85,81
2865129242,china_heatbeat,84,86,65,77,102
1495101707688321024,noctisnier,90,59,88,84,55
736625473229185024,inkriziz,75,60,78,98,98
1493401204504023041,hiru_kyukei_,89,89,103,95,80
1303268956770271232,h9_fsh,76,48,67,71,94
1521588939995463680,felipekessl3r,49,88,87,83,109
1049487230585237504,jatinhalucas,50,90,92,92,96
266161024,djdobermann2015,89,79,86,71,77
1017676080,rzkch24,86,81,71,80,82
33538597,bymarcelorocha,52,72,84,95,107
102728621,iamvenant,45,93,102,77,101
241794598,fariz_kamal,73,88,82,74,84
24912713,edutenadg,53,85,71,91,98
3079111126,coramell0,86,59,96,79,68
1530086454663479297,sugisan5963,63,62,91,85,76
695592116974522368,lavien_rose24,82,72,73,73,91
952581407477399553,bucinnyaadek,94,42,74,36,74
727518985814724610,erickpanchidj19,88,85,98,84,105
937117080087797760,runa_momo7,76,67,71,86,82
607825004,anastasyajubi26,74,78,90,86,75
1026110084,aganangga,79,81,69,81,80
308238534,annasalazarm,74,100,105,96,110
1271444650352676864,oliviaviaiaa,61,82,83,70,81
1252262243019808779,kalvin78935645,94,65,69,70,70
19673151,mkt_fernanda,88,73,74,82,89
1268450381396234241,punniiiii_,76,48,76,87,83
1093323201445150722,kaowstonkao,77,63,95,91,110
1169588662390018050,ppingkii,88,74,108,88,75
877353313460793348,taim_lw,85,55,87,97,66
140252416,arangojuan,51,88,90,98,107
1379002004475887617,noyessino_,78,88,99,81,87
1465929030872363010,amiddle_of_june,67,67,84,92,90
1517185944880762881,leeminju04,83,66,108,89,103
2699407710,alililino,78,58,87,88,90
1220644212,d0notloseheart,76,65,86,99,91
1391826104109998086,abath_00,60,77,87,78,102
1509178753708134408,finalbraince11,85,77,98,70,75
1208083625419399171,albaly_mahmoud,89,57,83,97,90
1160664606270005248,3amer_00,57,56,75,97,105
802451530574102528,haideralrekabi9,64,86,84,84,81
207091016,bossmima,84,64,68,100,86
1245466863229952007,asolasmartin,72,76,65,87,101
1519345388658237441,ynjnwf,84,65,76,93,71
960487129036963840,xy0huujvgokmfcm,81,63,81,64,72
1500530019835445248,kkkk__00000,85,54,79,80,89
917684276036030465,vincentldle,56,90,107,78,98
1289453595025272832,wingerbbq,81,53,79,77,66
1498443818223685634,dzosjk7,68,67,80,60,87
391370138,yasin11nya,70,70,98,95,65
1486211643520475138,slvschwrz,85,68,109,72,78
563857214,yunuem_no_esta,69,84,100,86,83
563857214,yunuem_no_esta,69,84,100,86,83
911891700066304000,sugarholic_33,98,62,86,89,81
46880927,biggaamalia,57,66,93,97,77
96988704,renard_leo,98,79,105,56,91
1353830445834625045,fuuka_cu_aurora,76,69,84,91,51
1388127022384390154,imstefanon,58,56,80,83,93
1436917519575441412,bx2eub3vn61rvt6,62,56,82,79,52
1517816594902134784,dalbida,79,78,102,82,71
1230210006416420864,istp_mao,56,63,68,66,77
1276876720998473730,hersey_infp,72,61,97,107,70
1526701014467809280,apparition_o_o,57,72,60,60,51
868546771047337985,brahimabad14,62,79,94,78,97
301396235,stevie8sena,96,57,97,86,89
1076150154254725127,autumn_sunflo,66,66,84,85,85
110982748,devil_kane,46,95,106,87,75
71298485,rencastro,81,83,83,85,65
1520193575274885120,wrong_dlz,96,49,64,68,70
1455977260306116620,gzashchitniki,58,78,84,74,94
1317072417890729990,azevedo_jps,91,62,75,65,59
911844348207050757,apsanke,83,79,87,79,72
1514095224557084674,atletbarbaros,41,88,101,89,106
832755978600800257,rafaellc_c,78,71,97,81,77
729664431462875137,poohnyan_tomato,58,70,104,93,79
1476361395126034435,crazy_kirt,67,61,80,83,69
335064474,melsyte,58,80,87,110,114
1263107669314940930,mongas_44,70,91,80,81,73
1513285774850117633,3ndl3sslygr0wth,51,81,112,98,87
63996455,ita_mergulho,57,90,97,77,81
1120169477730004992,kelambuorens,91,75,84,90,87
1505019216294027265,williankran,87,55,95,85,61
1271444650352676864,oliviaviaiaa,58,74,75,67,87
1322393692594868224,notfua,94,63,78,73,67
843595231413092354,akiruyan,90,71,104,98,57
590344689,tb_1life2live,52,98,93,100,107
1515548260722749442,chaos2_v2,81,65,64,29,53
715205628,em_innocenti,67,97,89,87,111
700609133980987392,polarbear_xx,106,39,86,73,74
1406853637117079562,dreaming_in321,61,54,94,82,87
1131219979167260677,laurami94316132,75,82,83,93,106
1353857985924182016,shallein,94,71,75,88,61
15645309,emilyforeman,71,52,83,77,91
878369129673236480,iaruxa579,90,84,92,80,71
1210701496771325953,reszkyy_,79,56,84,102,84
1411307221351157760,ratnashar,46,88,94,64,113
598125514,zaulgt,81,58,91,80,76
1332853153964773377,j_l_rin,81,69,84,88,104
776945596867481600,bealoveskins,91,84,77,61,66
3730591276,jessicaruby1221,51,66,74,87,85
1129540057365393408,senamarissa,86,63,83,84,77
1490006400520814593,rosess27040584,92,47,91,107,68
1509061137358540805,masrama85033372,55,61,66,79,88
14317527,christinebarger,58,112,92,86,67
1120182585735491584,carlose26333238,74,89,93,91,100
100250466,drkcos,60,95,85,88,114
84429717,milenagreff,52,69,87,87,102
1287868151846363137,alvisvpresley,89,53,94,99,72
122362366,jmarceu_,85,46,73,82,79
544486979,lreginaguillenc,89,59,80,73,57
1239375143857606656,kathrynandbooks,92,56,90,76,81
186198162,ilnovelli,54,92,97,96,97
419772016,juanitoraw,69,87,101,105,75
852956082,ainhoacarlop,82,74,85,85,82
1310800822289100801,alluvia16,85,49,83,84,84
1192497475476701190,eumaeda10,73,92,92,88,90
1504897369904754694,chelseaxsong,88,77,100,82,61
316525366,sara_supertramp,59,102,81,66,73
2377964378,yubel1822,71,75,76,80,66
1020305866581368833,sio_sean,88,72,93,84,86
818966477453803523,brunourrutia11,65,94,103,71,85
830082404291379201,mafe130798,58,90,87,91,97
100805391,cemeca73,90,77,82,57,87
448831750,airinrizki17,65,62,77,80,98
1463128534432419846,dontapthis,84,54,74,74,62
107491042,inatalov3,91,49,82,95,103
723938530729312257,athabehy,61,83,95,103,87
1426650672812933120,mimariajulia_,55,85,106,84,93
1301240524125462530,karina97642694,84,57,72,99,65
2889000425,esteban_9124,95,70,78,93,97
705470232,guimt98,53,95,108,83,74
1070873061203660801,mangathaadaa,66,89,85,89,77
1015715486770741248,methiasmihing,72,80,73,102,100
48284059,tikatickey,63,94,102,59,86
1129021505000488960,love_pathfinder,51,89,94,87,91
1722243740,mxspringnights,106,76,101,84,77
878383736,soffinu3,61,96,94,88,111
201079041,floch_1993,78,72,86,78,102
1393538844843118593,chngshng1,81,72,99,100,60
2252435234,mariana_phy,64,86,106,103,108
1185532138365415424,likepetrichor,108,69,90,78,55
57253385,alnirapo,51,88,76,90,97
107015042,verymaojail,59,102,88,86,71
720857589492240384,mirzamustofa09,69,54,104,92,82
2930556145,jgdiff010,62,53,95,81,64
1032011891424423936,lifeng22127233,40,77,76,82,107
301574111,jobykob,67,70,91,97,84
600393714,ricardocorreyes,68,84,92,79,82
847821524132384768,zocatelli_,53,68,79,95,106
877848950409015297,pompurin207,73,60,67,82,84
234037933,denizmily,75,72,72,79,91
1400372822120321024,hypervolt1,91,71,75,28,111
144031892,xarthemisx,86,43,78,81,73
144031892,xarthemisx,86,43,78,81,73
2944480771,rafiwaetford,65,86,70,93,106
1409556457603821569,hlglsfoa,83,56,92,103,89
1164289482646007809,rfcrispino,88,82,92,80,92
1252269780,10xalejax10,75,65,90,93,83
1297129172096233478,ayman_monty5,79,66,69,68,87
2692928263,amadodb28,62,59,94,97,78
414143106,xii_x_mcmxcv,74,100,111,111,59
24727895,javo_ulaciaban,49,83,88,100,101
496365320,etel_lo,69,66,95,101,97
760330321216671744,manhtran35,80,52,47,93,90
1209633699538571264,andreamilly20,84,55,92,80,72
1310790484286222336,amorochopower,57,81,75,87,87
78632583,eunilsondiasjr,75,98,78,72,76
1457842130102149124,karullafer,103,40,87,68,53
1015715486770741248,methiasmihing,73,77,75,99,91
1291176812815380482,akiharubaby,61,45,100,88,87
1275773617960374273,harukiirl,77,69,103,107,83
1003681177356521472,ichangemyworld,73,56,107,105,101
1300475198362193921,nous366,63,74,91,81,78
846709329118068737,hablamecarolina,73,81,96,71,91
19269804,emanuelvila,70,60,76,80,60
117295977,rafaeltarcisio,47,97,84,84,110
2995218868,yanleitealves,69,85,115,90,89
281793364,jguilhermelm,38,104,102,86,102
791735690610475008,thebeigesheep,88,66,92,87,78
1319269933981761537,elvaduncanllp,50,75,103,95,73
1361563318599651329,sugarlgncandy,62,102,92,103,100
1500125287,mishi_lin,66,91,83,105,85
1212054159794393089,nicoleecmartins,66,72,93,88,92
1477442089,alexgilm0007,36,93,88,93,116
719330596892319744,themirkster,66,82,85,57,86
2526342711,maredargento_,65,86,75,86,80
59787901,avellinodan,49,82,88,71,84
1337029404149641221,pambisitooax_xd,57,73,81,73,80
227675182,chutorosashimi,57,78,89,87,81
774653639386279936,kakalestari77,90,65,77,84,85
1383913248035016707,dream_waiting11,90,77,94,92,56
2730856124,ningnanli,84,75,91,74,66
3134985773,xiumingoo,74,74,92,98,80
88649760,jay_shah101,54,90,85,99,99
89729011,priciliaadriany,88,58,70,89,78
1144443972686884864,wellmaxxbr,53,83,82,100,101
1488178552814317568,uieoo37,68,84,97,85,69
23052529,dougdiskin,59,95,99,85,86
628374864,svmmerthrills,104,76,89,75,54
1156447249141919744,cheesewithcat,92,66,97,87,77
19591409,h4z3l,79,51,97,90,79
1426650672812933120,mimariajulia_,54,83,102,86,102
731732242742022144,benbcde,75,80,94,84,72
1486864204376285187,tristan_angele,58,74,83,93,115
105712157,ivansanjuan,78,81,87,88,87
56500391,thanobre,51,90,97,83,97
3011156389,devansanando,63,80,105,74,86
1216383067234766848,joyyiskah,96,69,80,78,76
355805920,yahoscag,90,69,80,93,113
307841414,_thiaguinhoas,85,85,84,87,72
112608698,chispawatts,61,100,82,92,82
1252822973146251275,seodealmi,84,101,82,93,79
859668199763267584,aparnagurudiwan,53,95,99,70,112
374324623,wndiifu,63,85,81,88,95
387963785,marinasstories,46,90,97,91,107
615220309,yousifnur,79,93,77,67,67
1372344006,danademoron,61,86,105,106,99
1340873967192707072,chimborazohans,84,60,83,66,67
2238153445,alipioluis713,68,82,71,61,74
3119930410,elvaval,93,38,89,81,68
949840062,jmclozano97,51,67,88,98,93
202169324,leaneverre,74,79,100,108,81
1216611026948513793,ngwolf_,53,83,75,96,104
961730275783970816,momtalksstock,65,87,108,94,91
1486823118,silvinanda29,87,80,86,89,92
1261108090029645824,belusantillan_,69,84,82,101,84
4539107115,flpxiz_,60,64,82,78,79
1415697895928573953,armando94215340,76,96,92,83,62
20623657,daninanua,63,85,102,83,85
115809026,natght,50,93,94,96,99
719330596892319744,themirkster,63,69,74,58,84
775321464899796993,harman_361,48,80,74,36,95
1127038865498353664,bruninmagrin,78,73,98,94,79
211324451,leilaartigas,54,84,88,94,99
908886870997815296,tazondeearlgrey,64,85,95,97,86
227473010,lucaspanico0,85,47,94,87,59
2915655713,elaineoli04,84,61,102,84,89
950038979126099969,leonanlr,97,71,92,72,71
1174181556392464384,fssyuri,72,55,72,90,71
1233301077614874624,andreholiveirag,74,85,90,77,70
1204919702167801856,kharismayuli1,76,69,91,85,70
483355681,d4n41d43,85,54,90,85,91
1438272823710130176,aidaintrovert,94,50,103,100,106
203388533,paracorajosos,43,102,106,81,105
213295110,gabe_100,46,97,82,85,97
1106920241878183936,uri_elglz,90,69,81,82,76
79017480,shaggybush26,57,64,93,58,94
110740991,_spinnin_,81,64,74,74,84
706704029,muminaw,71,76,90,102,86
273188887,molto_cantabile,79,68,94,102,79
88720734,saschiell,67,59,76,58,92
56582624,cherry_lipstick,74,80,82,92,82
193872057,wamsgitrs,64,81,85,79,100
96907515,liasheagarcia,105,60,87,55,61
159172027,almisarce,65,98,81,88,105
1438722549395779587,historiasempere,81,81,84,77,70
260383912,rotwiedieliebe_,89,87,68,79,73
1269042777289101315,daveoum,77,64,79,79,74
1056517078633668608,badlantchrst,101,54,94,84,74
400888105,carohdez11,92,75,96,79,92
490834261,evengk,69,89,78,87,98
79375186,lapaomontenegro,99,68,99,99,83
54258926,lexnan,69,81,92,88,85
795029944594071552,rayoalcantar,106,55,81,74,86
480105689,baez_dieguisimo,74,59,83,77,85
66144169,mylifeaskarlac,60,78,87,94,100
1417065276,champagnesalo,67,100,78,91,82
60912474,robertop2022,61,78,82,84,86
550370491,baltasarclaes,55,70,83,94,94
1447013965448495106,selvingil,45,112,101,52,107
995798123283927040,ginecologadiana,58,93,75,90,104
1319333185,colochojfrank,74,56,90,65,68
143620407,aaronsp1970,72,86,81,77,86
1331127522155696128,israelpokemon1,69,73,79,83,70
2820345190,mielymenta_,80,83,93,79,84
584527119,karenhiguerau,60,99,87,82,91
83491260,tepo666,86,71,90,71,67
1215836238374211584,pabblina,76,78,84,91,100
909869305684217856,shimura_yan,105,40,87,59,56
157827692,thairuadrianza,70,77,82,88,94
278807131,barbii_duran,83,62,76,84,69
588877819,tonali_biol,82,75,89,93,85
2926455889,eshi_lo,70,79,78,77,87
1199800949679767553,dan_el4,61,76,89,86,79
1181727944370204673,kikit0_,68,94,85,71,76
290330774,bichitamare,85,88,82,93,59
66929109,latortillamexa,91,76,81,79,74
268875018,leomckallister,63,85,96,93,74
51776283,marynaveda,45,93,90,104,113
191540820,lilithpsycho,91,70,86,83,76
1150071379087286272,robson_prof2,54,70,71,90,89
118467375,fabiperezo,49,89,91,93,107
331906493,hulemanco,74,77,87,62,103
251169737,hallyjim,64,60,89,87,112
1370467798611333124,claudiamsg23,91,85,69,73,97
1318745724,srcabronn,75,98,96,101,100
162131721,mahatma_matta,52,88,103,109,107
1236166514555961344,auroradaz12,88,102,94,81,90
1460021726193016834,carolp886644,77,68,90,61,68
23616558,jotaerrezeta,63,87,95,91,88
543115486,jfsamantha,91,103,87,89,89
1063287517,jessuseduarte,69,68,88,83,97
224016117,marichetona,78,59,71,89,78
1146512532573548544,espinosamunro,45,80,89,85,104
173897416,flakissptealto,76,70,66,77,79
173324844,lorenjohannav,55,95,96,100,106
126144758,robertoctamez,54,98,80,92,110
283245299,victorialujan94,65,67,68,89,91
571185419,victordivita,56,94,89,95,96
1729898726,blancamnct,79,68,76,84,70
2420726311,javierpulidoc,30,96,91,112,111
240260347,jrodriguezpra,35,82,94,58,107
126479311,virinred,81,57,72,76,82
1452708503005671431,eduardo88141201,63,92,95,87,107
1600418100,feliperossi127,59,64,99,77,94
295501447,sedah_12,76,65,83,77,81
2981867723,joan__21,89,56,82,74,83
3321966649,jordiobe,62,75,84,84,78
1344660972,71anitamaria1,70,96,82,92,116
3233120521,marianaguia9,68,110,107,100,85
204941155,carlischus,79,90,106,71,79
2252301885,jack_gohen,101,54,70,80,69
48737111,salinasalmad,74,90,98,87,99
973969247469580288,jesusfrausto14,46,88,89,92,87
1321161055586951168,cgabrielmusica,66,92,92,89,82
1437546597622161416,lau_menduca,82,76,90,89,96
1357189135564484611,diegolittlefat_,83,53,91,86,57
43817857,cherrypopdan,72,79,83,84,94
2409852112,tamsthay,71,85,91,95,110
823335655,leolopezdelvall,57,76,94,82,88
1463301065323925506,ruizfava,54,84,76,97,107
208892636,darklotus89,84,71,86,89,84
2207877985,mrarctor,90,63,82,74,76
180635769,vvillxtoro,85,77,98,86,100
3012727237,mtde07,58,82,84,95,106
1149354338,sosjorgec,92,74,74,88,69
136493533,malcomramona15,57,84,66,62,95
133011973,jayjayti,62,99,107,78,96
200717041,hermiella,80,91,90,95,80
3357769090,sergio70yes,72,73,101,83,88
3357769090,sergio70yes,72,73,101,83,88
248456524,janijeni22,85,75,95,81,76
476206526,sebs_hdz,84,61,83,76,85
1164547063,hans23kaemmerer,77,90,85,82,85
1137631083703312384,mnrm_fluffyseal,56,70,93,95,103
243700493,mahy54,75,52,70,112,78
316967163,illuhaste,73,56,66,91,83
3195094825,nicolas7894486,94,53,102,86,64
1140910422507130880,magdalamatrix,67,75,105,105,80
223346651,walls_santos,73,98,95,81,87
1237140354660524035,grr_moritz,66,73,92,79,71
1283415605140389889,markul1o,65,83,75,69,79
748021598431682560,good7ucky,65,76,85,87,70
817745208976834562,ragheb_74,86,69,76,86,92
15264947,ebi_maki_sushi,76,62,97,82,56
294881659,jmartingb,65,76,80,90,80
3018068549,9612cecilia,48,87,80,91,103
1065448113635278848,zak_1992j,97,61,99,97,64
830549070968135683,ceoofbigsad,85,62,104,110,99
281510340,mr_ncubec,42,100,96,84,87
443987776,crankypollyanna,69,62,86,97,100
153966123,cynthialive,42,100,96,84,87
888014804,catfancyceo,105,59,103,87,68
340924145,piza6,83,48,88,96,81
4787817836,andri183623,59,69,61,83,110
2713061366,tweetchinghour,84,61,95,84,84
2212455044,zemaom_,63,73,88,74,75
230061356,handy299,69,75,83,62,88
56887040,caoamosou,66,95,86,81,102
1456602805511548928,ha10202580,68,66,82,73,62
87117152,fagraia,72,72,91,43,85
993491774558502918,putriarifn17,74,62,79,59,72
2521951123,malipulang,65,87,85,92,84
3254648772,wedhuus_,47,84,73,94,110
77942181,hadubeauty,52,92,74,89,104
4768040114,tooopengmuu,66,84,87,90,81
1880085546,diodazenerr,56,94,86,84,78
1431110734360973312,karamahx,58,81,79,83,91
333385813,alfalaq_my,48,76,85,75,76
771722583754600448,guido_dika14,96,45,86,91,81
71748948,fzakbars,70,84,64,82,77
534191558,transarcher,82,58,87,75,84
914238661516038146,mardegarrido,62,109,103,96,73
962578779422965762,queena_0321,45,78,109,69,98
1033517307035828225,umjapaporai,70,85,89,79,76
3244332751,ran_sgm_,79,39,69,89,68
432649723,aaadlsjaj,28,102,102,105,120
187349783,yudhiiiiiii,55,77,82,88,103
33142652,hernan_n,98,86,104,99,49
341978386,sedthawutcult,101,63,92,83,71
1333681508754702337,mr_h_98,66,69,87,76,92
250750477,dryblusee,86,53,85,81,80
2651331902,amysmashurbrain,41,72,92,77,78
1377165330158546944,istp_sage,41,72,92,77,78
19844009,davidrowanarmor,45,77,93,84,99
483080742,karen21g,74,76,96,100,90
879640657257676800,palettepastelad,92,73,75,92,82
1293278961997209600,meufsquimetuent,63,68,103,96,98
173944831,pierreschneider,95,64,89,57,99
184700850,iijojoo,89,78,89,89,66
1118852717865160709,dimzuhuy,68,68,73,86,91
184313640,scrollingforwht,87,81,84,77,69
1221039236033331200,kingdrakorr,79,56,94,85,77
459181337,darasmawarni,84,63,79,81,88
1374331039,theinfitate,36,79,99,93,103
1430930920756834310,sunanpirlo,87,67,89,72,59
990520253892325378,kartikatikoo,98,63,92,83,70
1148942759958667264,laobanshui,85,75,90,90,87
1005954023759888385,zyneoo,73,71,89,96,68
189384653,pinguinaja,48,66,95,96,86
50512411,filando,85,53,75,57,91
3066680334,official_izaz,54,80,85,60,83
629230886,piera_chan,79,59,102,65,76
153242278,kireiharunohana,56,91,74,79,95
1338009535722659843,era2_weekend,84,48,97,73,58
461885113,chanusiast,75,58,62,84,99
1188206630036561925,latenightzim,53,112,101,95,85
2768107569,joakimapelqvist,49,77,74,97,96
338461855,eliasrmendozar,88,38,79,98,72
120032151,mbakmoy,61,92,86,90,99
1019946895,chj02765,89,60,93,80,73
3182001660,thesaltysapphic,88,74,94,92,93
832021673939316737,fred_musical,82,72,88,76,76
822831467638194177,tausendstetini,65,78,104,98,71
1419856645027364870,aprilmaniac_,74,74,71,68,75
1333667203179110401,sitcyo,64,68,69,82,76
1132968623541112833,p_jungyoo,97,49,74,78,65
1266443089,jbeat971,62,100,93,76,98
1381403513993879558,kshsoul1107,37,101,91,46,88
1093323201445150722,kaowstonkao,85,69,92,97,101
1428262907746283527,jordynut,61,65,64,80,85
1040337306912272384,lilakonto,69,68,91,97,91
980558868307574784,d3u_d3u,90,68,91,78,66
193338341,no______hope,69,72,87,79,84
724099080075403264,0binnara,80,57,86,91,75
3112359044,army_mini_,81,64,80,77,94
1396466937069064203,lethenoriver,64,57,84,60,69
1054378115474964480,annewizone,71,85,67,84,72
2394265500,itoh2007yuta,81,67,78,92,76
759107775762800641,bluelemonade_2,96,67,102,65,77
1295255999129911298,ikea_new_puppy,72,96,85,66,80
2879531059,mummaaam,84,71,76,85,80
264825441,diarine37,77,81,104,80,82
1393601605849653248,toooosieslide,76,91,90,58,53
1364589569258102835,rookie8123,79,52,88,75,61
1022796663818137603,ok1_runm,76,71,87,85,86
1283115251626414080,whdtjddll,75,76,60,61,89
1147531162148982785,honnabolae,68,81,101,69,59
1147531162148982785,honnabolae,68,81,101,69,59
1180692927028187136,bft_blue3,68,79,90,81,70
1228001484073078784,sacsac49,96,65,92,66,59
1271189861219721216,t678101,91,68,91,88,68
283849065,gojejegojeje,80,78,95,78,97
2759390012,hachappipi,88,56,82,80,59
395195009,ake__dawn,63,73,85,77,78
1395227162207080448,longforthat,81,65,81,77,80
2613634332,gksmwkr,69,72,90,81,76
1083414007099215872,613_naru,78,56,84,89,61
763025387756544003,8bit_8bit_,74,67,96,87,78
722836235547332608,jeje_duk,61,86,87,64,74
1243879686389686273,ff14_gunter,99,54,82,72,63
1000607433314615296,golo516,68,64,50,96,87
706000901790572544,spy0_05,83,68,85,80,68
2646269306,precielous,95,37,109,108,64
753535335137587202,green_chaelin,80,77,80,76,59
2975420311,muu_zz_aa,98,86,96,77,70
1358863283764174848,tlspal,91,59,100,88,66
544076136,sikbbang_mika,86,102,106,94,76
1422181259833266176,eclairtoast,78,55,77,90,70
1041637185437331462,boktheseon,97,57,92,84,65
1140251360,hadrianus753,80,60,92,93,76
807151797949190144,__marinkarin__,91,50,93,80,43
1233612713797898241,023pc,58,76,85,77,97
4689613111,twentyinfante,85,85,85,65,67
1293739594681262080,chagg_i,59,60,90,72,60
959115872794128384,maemi_gov,81,44,91,79,53
1258991998725320705,pocariyes,57,62,99,92,91
1287352632177115136,ji_ji_45,93,46,93,60,57
1355024105494306817,babyhyakunosuke,85,86,88,84,55
264595859,brain_baam_boku,49,95,78,87,96
490162902,milkway0825,79,65,83,86,67
975364906294759424,hana_for_there,84,90,82,96,83
846709922037358592,minju_where,85,57,60,91,64
1112167456657698816,koggummeong,86,63,76,72,72
1174898852278652928,with_dallae,95,54,83,92,77
2594225520,solidity_fo,74,63,89,83,57
975188586063540226,luvu_yena_,80,74,90,87,86
1298590513159790598,_idiaaaa,97,64,76,84,73
867518230893428736,sal_in_mi_su,66,64,85,80,89
1226117937632661505,sister_n_snow,100,54,76,77,70
1097789456180862976,paulpaulinlove,59,101,99,86,96
1312421119576530950,eobox1,66,44,61,101,100
827474102206156800,liiilllilillili,72,64,79,81,74
1280410206023770117,sue09422079,75,67,87,90,100
729308691711676416,dicamax_d_tab,69,79,89,87,81
949641046371180545,summer_infj,77,45,86,75,82
1393601605849653248,toooosieslide,78,91,92,58,51
1325043276072693760,istp_stargo,49,48,78,67,63
1309473224594345984,qzzzzzzzzzz_,89,67,95,82,79
1353922038377771008,innewhanover,76,87,65,71,90
1374331039,theinfitate,46,72,90,96,97
1057011133,purenmul,72,65,72,78,89
1162752244938235904,joke_0828,62,67,72,73,72
1229366424537157635,angryestj,74,70,67,65,86
3026059231,atempo_9o,81,72,81,79,69
1399050443603406848,gumuihwanhyang,73,96,107,88,82
1229500276152750080,sin30_c,56,93,99,70,45
1263386770311221250,ovu_oohrock,84,49,92,43,59
2277138235,pepperkake_mann,91,60,104,94,53
1041272125816954881,gami1611,85,51,62,68,87
528210505,syesea_opm,63,93,86,81,76
1376505682665463813,lovesome_my_,81,65,92,71,71
1414058404469907461,ooir1156,75,56,94,54,62
1256999203827445760,then_itsover,79,50,63,61,71
1298531555426541568,mimmiing_istp,57,57,64,73,78
2699365398,piglet_pongpong,59,63,63,69,79
1424916416281468934,onyang_otk,53,84,96,100,89
819533361899110401,aeiou936,98,58,92,86,67
783557306332041216,btheluckyone,87,67,96,87,49
1358743382030311427,lovememore0310,70,71,99,61,81
1353217607604834304,climbing9ri,62,105,97,94,80
1134171054224662528,_stabilitree_,86,66,85,83,77
1404488500267798530,shrinked_hyo,57,52,54,70,61
1298668531383320576,inftj_a_catty,62,61,89,78,81
1029743579516690438,sleepy_jipsuni,92,56,80,88,61
707582442207449093,aiolaatedudept,100,81,82,95,75
1267331269349699584,work_whathehell,43,97,79,46,99
1256893319432433669,infj_t_octopus,74,75,107,101,78
2391844638,nuvol25,80,52,82,88,87
1257578763530821633,istj_yesjam,75,49,68,74,88
1223922685094322176,chowonimnida,63,105,78,80,91
824198281802776577,cha_ud0ng,92,84,89,72,73
1377963189049036803,montblanc_17,43,84,70,81,104
1144314141588389889,ljhhhh68,69,40,62,73,64
1023503967446163457,sheisiz,62,81,94,74,81
1399379259244769281,ravelpicon2,65,55,76,74,69
1374372019672784906,want_berry_rich,63,75,69,64,109
1375793785347612678,isfp_a_acacia,64,73,85,100,65
1261302806717165569,mondea_mallla,74,58,79,64,64
1309821739518451713,zzzigae,63,79,91,87,81
1378936344211169295,infj_escaped,82,53,83,76,85
769802118140006400,dodoing444,49,94,82,76,90
1190550461218078721,japduckjapduck6,81,74,78,77,65
1385118704795488257,im_not_animal,78,92,85,70,59
138080218,azulskyz,104,59,106,72,65
852160727083343873,duck_in_us,64,71,81,82,85
2261083274,moohwa13,87,74,85,97,91
220847879,id_mj,93,46,79,81,84
1443026124,ramskrrt,85,70,64,96,76
1329424544029761537,yororongkukuru,88,66,95,75,71
81787574,kevincby_,97,69,96,80,72
1320963506305339392,l22_w0n,98,53,97,89,86
955430664060334081,c_yunjyunj,60,64,75,83,89
1248779108164579328,ryemin_73,93,63,83,89,65
1218395045776121857,linwo_o,86,44,98,43,90
792013267770093569,5so5sio,75,62,67,88,49
4623453144,nyungnyang,93,47,95,92,53
768129555949248512,tastnfeel,67,58,81,63,69
1166640154540482560,hyun__daily,100,75,84,78,59
1222304277265297408,happy_garibi,105,63,87,78,68
1261662250462412800,pp_pcent,64,94,92,68,49
1234575884440371201,hooyap01_p,82,73,40,62,78
1899602838,hongsijams2,96,51,83,94,53
1020711125602615296,atobe_kiki,77,62,81,66,85
1409887382380462089,hyex1211,101,64,75,66,82
1145955903637602304,windowlicker41,50,65,93,67,98
3161325451,jea_entj,35,99,90,62,100
4234310538,parkhr5305,70,69,80,85,76
997830688429686786,vanish_moon0921,49,70,93,79,99
1365555015310475264,queti62,94,56,64,57,53
1241481376446070784,daylight1275,55,61,88,70,78
1384701880601702404,yonso_pptnz,67,90,95,60,68
588209726,pona29,76,69,82,75,68
1333940700312858624,lee981003,100,53,87,87,44
1407879324783443969,hello_pptnz,58,47,80,77,83
1067440365819506694,3l6lbfcigarjwpo,100,61,87,91,66
776756336201576449,hetbamtol,92,50,64,84,62
1415004562977480707,zhfhsktlqkf,60,98,78,62,85
890071576355500032,ddubb_ra,58,91,97,68,90
1392809357553766403,mygod_mamam,84,95,84,64,56
986732460,lomi_18,55,86,83,38,79
1334762263,ghksl1310,66,91,88,89,79
1410476259092570117,kanozy0,49,76,90,71,82
878610045671358464,burandangduk,81,67,92,82,71
750221437269446656,rapit_bling,98,68,94,70,62
963713587096137729,leemakgu,72,88,83,85,80
1013342549073784834,suzynotfound,88,75,93,84,66
1192405478250184705,xtcycj22nlwouk2,80,58,81,57,69
1375797826437844995,gothux7,57,107,94,70,81
845664687660318725,dbsgk9455,61,79,85,71,80
280467411,whwnddlf1978,65,68,95,85,95
1202952737404510213,givemmme1,100,59,77,81,68
1041348102823636992,anzu_mamang,75,93,102,96,68
1173382697093193731,htlfw,90,73,76,84,57
1377147138094686212,ssoong_nung_0o0,100,50,81,80,42
1064171651745501186,w1nter_snow,82,81,101,90,64
1070302586,ranostephania,70,77,81,93,104
1064167236338733056,dearestadell,100,52,82,79,61
235868843,artemisdalnim,75,70,92,89,65
4636618813,wldnakswka12,90,65,98,92,58
169794435,realhueri,89,52,69,90,90
44789539,tabheekim,77,82,95,95,71
1366917069942386695,mini_corn_,93,73,62,85,76
1167712812493205505,odd_ginger,88,56,76,73,61
830777006497288192,gudok_duck,83,85,92,82,62
790137936658313216,vg_z0,98,45,86,78,64
984751272866664449,h2omas2,54,79,94,92,94
4697234473,113sumire,77,60,87,73,86
1156431262094987265,ourcoollove,57,66,78,77,76
1271387408227946497,noejeolgirl,104,51,94,59,76
969570945156313090,dangdo_,70,71,90,79,78
1393601605849653248,toooosieslide,78,91,92,58,51
292261893,sonnie0222,79,54,85,82,85
1216040532964597762,meerket_2oe0,87,61,88,87,68
157183968,kmy133,68,46,86,103,102
1323116052981538816,hehejodga,93,74,69,78,49
739843066371014656,zln_lo,58,88,91,52,96
1360885387258781701,som_lvb,69,85,92,78,91
1389525800056094720,intp_0217,64,62,90,60,66
1346324663975100416,bliss925,58,70,87,71,94
2598184956,ditro22,84,92,95,78,72
1227783576382365696,floristtobe,79,83,91,81,98
1395959348703109120,ziiguuu,84,71,73,72,82
2572510560,zz518441,67,78,92,82,73
253006712,needadeepsleep,72,63,71,79,80
2685339768,saleign,82,70,94,89,101
212779299,kooooonp,80,74,94,86,100
1175571974803734528,sick_a_413,91,46,85,78,57
52345557,elmo8059,79,53,76,77,67
2840021730,minutieusementt,65,70,76,84,88
215960860,claire_g_kim,75,82,82,44,84
2349593042,aeyomi,69,58,78,86,64
804161911868694528,tlsehdtk1700,77,57,84,85,65
196048258,6chrc,73,56,80,67,68
1151311856486637573,kmgchicain,90,55,93,67,86
1005412783062577152,bb_likes_all,88,60,94,72,59
1668120578,panblazer,52,104,99,83,110
2578872625,sem_0210,45,102,97,55,69
2598184956,ditro22,84,92,95,78,72
1158986869251534849,r1m0m0,108,45,67,83,65
61455986,sunnie_ines,61,77,94,86,79
182362460,blackhyunmoo,84,63,76,75,73
1354526251466190850,o3o_o00o,84,64,94,82,85
1324584745024409601,mg_sdsd,91,79,89,66,70
1331229274846609409,tlqkfzz315,64,96,96,59,66
1147269960609099776,acornsaurus,71,81,97,54,76
601749969,flyna2dmoon,72,82,93,81,91
1330576505794043904,dailypowder12g,93,40,81,73,59
733620281487429632,lavoi_0213,56,79,85,84,84
1253697239186239488,rmsanxoaks0128,70,54,82,93,75
1259657639308300288,lau12191,61,52,81,91,92
131833779,zenovius,77,60,83,73,73
1165197587785252865,samutquite,79,77,96,94,66
112773583,mintibox,70,63,74,82,90
1289782018260135937,jenith31,70,82,89,95,80
1371049866168733697,dcebw9,61,63,78,65,73
1908556868,carnivaljody,38,52,102,65,106
1175439710199541761,haniel_0213_,89,85,91,91,63
260578776,godnjs1014,56,92,83,85,85
1263111770878574592,dan_goon0_0,56,67,81,55,91
1390672545536380932,t4si_,68,68,80,75,80
2466117829,marklee1211,48,80,96,65,90
1344722979599622145,h_kim0310,84,49,76,69,79
108881502,rmsutjr,90,71,76,57,72
1364565149617508354,point_u0u,78,60,71,67,66
1404690735933247490,lanang_s34,79,74,85,78,76
886143246451130369,gawain_johnson,91,90,91,82,66
50976894,antifragile_ahn,51,62,89,76,87
759295309335760896,takitty_sub,79,75,90,90,85
1550475098,spockkie2230,66,54,84,75,78
4272606016,gguni_lu_a,78,62,94,84,83
1143215302101966848,bobofufuyoyo,83,73,84,85,54
1420678360359788546,kawa0906_,97,49,88,51,55
383722731,doya_526,74,80,81,66,84
703449428158361600,suk_ja_,98,52,77,77,61
1371092375896956931,chott_cmu,80,72,88,82,55
890756428364828672,sodciemthteosnx,88,56,87,79,63
558728107,garufyu,59,85,96,82,79
2606700223,mcpolygon,91,53,72,56,84
1237644297173794817,i_reallywanty0u,69,79,88,57,79
1372165137340133380,imkindainsanee,48,88,88,56,98
838916023,jaemisaki,53,65,74,78,84
986438078846791680,goldcrest99,60,68,98,81,78
984600672,jaeiii_blue,79,72,85,95,81
922766097719234560,harilthevegan,49,72,87,87,80
1614096326,eusebius_m,65,94,99,82,70
1290978267340578817,hymade39,47,70,60,50,115
421896121,iloveme_ee,81,77,78,83,60
1110077813623656450,sandy2702ii,58,94,71,76,95
242179532,ashlyyyyyyyyy,63,93,88,76,82
1342182043803795456,apricot_ca,80,102,109,105,73
1259476727807438848,sbrm102,93,63,84,84,76
2732218595,saskianne,69,83,89,77,82
1113299127717093376,m_chansick,49,90,88,56,65
1416244117097512961,lovefulmoon,42,88,95,63,92
815796770160545792,bs_whyrano,85,94,94,61,66
1345059234388406272,wo0yl7,70,61,76,68,62
1154497709123887104,coolk1disme,84,63,81,82,68
1104325266837450753,jamonthebloc,79,65,102,88,91
1359852297073827843,piroi_vrc,89,76,73,90,65
1079616704198565889,daegangsj,80,54,62,80,94
932630953616326656,whooareyouuu_,61,69,103,85,65
1383755509556158464,damjang_,68,89,103,89,76
1353257589635567617,_none_4_cos,91,67,75,82,54
1094875915425730560,_stardust_831,102,71,99,102,57
1131488065669570561,waveonthesea1,89,83,92,83,63
314361978,shi_ye_,35,92,100,89,113
1270625241958514688,noogoo_9999,79,60,73,82,67
1395007072983347208,lema__jabduk,61,79,89,84,70
1328087850,msgrokenberger,54,74,91,90,76
2905190258,dora2dona,65,72,61,77,81
103528781,ilikewatchingme,53,70,90,83,80
776393288697810944,glg00001,75,72,86,65,62
622032126,dlawndus04,72,98,98,86,81
1359028526670745606,sksrnehraksgo,89,81,87,72,61
1185700824220987392,threelinesdaily,86,47,85,69,71
1220925631,hq_youngsan,83,54,90,89,85
123796263,zingimm,78,72,94,75,86
167854780,geeneeii,84,46,84,82,70
917764916399898624,stay_tuned_kpop,88,72,86,86,66
1213417511699374080,thousandbluesky,59,49,89,53,77
1319318556,freakin_q,87,65,86,87,64
1421355649045131277,sbn_leon,56,111,74,77,83
2744997529,nin_dhks103,89,72,70,84,73
1138144334803492864,brightelody,73,92,83,103,74
1237398850538582019,merry_no_t,93,66,101,89,72
799911163010039808,araarrmm,69,66,63,86,54
386871204,lastia_1209,81,85,93,91,89
2282718582,jeonghyeon0204,67,54,87,84,59
1030327585,lee_ryoon,87,58,75,94,79
1324156888875823104,od_dan0,86,48,94,85,82
1264158157342773248,r_i_ss0,79,62,65,86,69
170172859,lucina221,66,92,98,95,89
53414250,_h__a___r____u,62,60,72,67,91
1229440271567376384,gggg___zgg,63,71,89,65,86
241588304,ggumgl,72,56,88,79,81
107626016,goaherad,110,74,84,68,42
1300078680916414466,driedprune,90,53,87,72,61
815804683654610944,morizzing2,81,52,85,97,88
1264411705615896576,pping__pping,91,72,93,95,56
1187768974722777088,muha_bi,93,81,70,93,66
203363675,bhangnoa,47,73,99,81,113
161671850,mambogirlkiku,80,61,92,71,82
915821295752822784,leekang4865,69,55,88,83,57
165763990,jindoleeeee,66,49,83,84,96
1170123230188687361,plan817,68,69,87,75,79
1151635097562411010,mymesses,91,85,89,76,57
3068415306,vlvl03305,111,61,75,87,51
1456057478,qpdbox,68,77,97,73,85
1145713974874234882,disasasami,74,101,96,90,86
1232321374808526848,blackkbberry,45,101,87,82,100
1098941392141733888,rldnande,93,66,79,83,90
1104041159792488449,myaukim,77,53,97,72,82
1268507310256578560,dupuzzang,92,89,88,85,52
2836609482,ueu_e,74,77,89,86,80
3035804179,gormtldug,109,56,80,81,57
1311311080996519936,kwoni2mo,68,82,83,73,85
1374019292774035459,2l_iter,81,69,89,68,101
1418212456678100994,flo_23___,81,43,97,91,77
455884562,queenanna71,57,101,77,78,78
1325436430504484871,o6vxi6,99,54,75,89,49
1292464910245310465,neo_dogbear1103,90,56,90,64,68
1425854878987931650,keepgoingjd,72,60,89,74,91
3726223032,soupppluv,80,64,86,71,78
1680904285,high_v_ball,67,91,98,88,95
841075221008384001,hyein001,65,60,82,97,68
1958275262,wsantoso_,53,93,96,88,90
767222578708525056,yeahmin_nam,100,79,95,72,85
963593718069567488,enfdltkrnla,88,58,85,80,53
1213148501787303936,dangerouspalbok,75,54,80,66,64
1406922295482851334,ago_hyuna,107,43,77,69,45
725786679663947776,olelwl,67,46,100,63,83
